user_id,usia,jumlah_anggota_keluarga,frekuensi_belanja_per_minggu,penggunaan_plastik_per_hari_gram,sisa_makanan_per_hari_gram,penggunaan_elektronik_jam,kendaraan,wilayah,pendapatan_juta,volume_sampah_kg_minggu,sampah_plastik_per_orang,sampah_makanan_per_orang,total_konsumsi_harian_gram,rasio_belanja_keluarga,segmen_usia,kendaraan_enc,wilayah_enc,segmen_usia_enc
1,56,1,2,158.99227093640295,326.67720203072747,5.530311054597775,transportasi_umum,Makassar,10,15.74,158.99227093640295,326.67720203072747,485.66947296713045,2.0,Gen_X,3,2,0
2,46,5,11,133.25738638119432,175.45756857029036,6.283861069923102,mobil,Surabaya,3,21.14,26.651477276238865,35.091513714058074,308.7149549514847,2.2,Milenial_Senior,0,4,3
3,32,3,8,248.75136768153908,305.1207579715119,6.306566346499076,motor,Surabaya,3,26.39,82.91712256051302,101.70691932383731,553.872125653051,2.6666666666666665,Milenial_Muda,1,4,2
4,60,3,10,147.63676736854953,102.83652082188746,10.37506873139392,motor,Bandung,7,17.3,49.21225578951651,34.27884027396249,250.473288190437,3.3333333333333335,Gen_X,1,0,0
5,25,5,3,72.1023841161666,157.28727189465602,1.3799351934548416,motor,Jakarta,3,11.12,14.42047682323332,31.457454378931203,229.38965601082262,0.6,Gen_Z,1,1,1
6,38,4,13,153.1844196825808,202.88507131757015,3.624132266325645,motor,Makassar,10,19.28,38.2961049206452,50.72126782939254,356.06949100015095,3.25,Milenial_Senior,1,2,3
7,56,3,12,174.9868810056055,205.83974047786865,7.94811210497616,transportasi_umum,Bandung,5,20.59,58.328960335201835,68.61324682595621,380.8266214834741,4.0,Gen_X,3,0,0
8,36,1,5,176.62975546852755,262.4062543773266,4.295973850293052,motor,Medan,15,16.97,176.62975546852755,262.4062543773266,439.03600984585415,5.0,Milenial_Senior,1,3,3
9,40,1,6,95.61095323691193,206.0149670084949,6.771606275203439,motor,Medan,7,10.96,95.61095323691193,206.0149670084949,301.6259202454068,6.0,Milenial_Senior,1,3,3
10,28,2,10,196.47412536723849,298.16400479761217,5.460019047525673,mobil,Bandung,3,19.88,98.23706268361924,149.08200239880608,494.6381301648506,5.0,Milenial_Muda,0,0,2
11,28,3,6,61.856653556448,140.06566074966958,9.210404802416022,motor,Makassar,3,11.07,20.618884518816,46.68855358322319,201.92231430611758,2.0,Milenial_Muda,1,2,2
12,41,4,4,207.2067601308209,218.02742029512535,2.773891145872576,sepeda,Bandung,7,22.26,51.801690032705224,54.50685507378134,425.23418042594625,1.0,Milenial_Senior,2,0,3
13,53,5,3,84.03260554312972,157.8024541108915,7.443601105037626,motor,Makassar,10,13.46,16.806521108625944,31.5604908221783,241.83505965402122,0.6,Gen_X,1,2,0
14,57,5,4,138.6877390495662,228.9341268338924,8.499162610544998,motor,Surabaya,10,18.98,27.73754780991324,45.78682536677848,367.6218658834586,0.8,Gen_X,1,4,0
15,41,4,1,203.228433901335,240.29888369699407,2.971162245664001,motor,Bandung,5,19.63,50.80710847533375,60.07472092424852,443.5273175983291,0.25,Milenial_Senior,1,0,3
16,20,6,4,155.98028344435346,246.59167679872505,6.565740487162692,motor,Makassar,5,20.78,25.996713907392245,41.09861279978751,402.5719602430785,0.6666666666666666,Gen_Z,1,2,1
17,39,2,1,190.8349258856785,114.35245294115184,3.0690040283418885,motor,Bandung,3,16.89,95.41746294283925,57.17622647057592,305.18737882683035,0.5,Milenial_Senior,1,0,3
18,19,5,12,180.9330979854966,128.8203118570745,5.0603231450702495,transportasi_umum,Bandung,7,21.43,36.18661959709932,25.7640623714149,309.7534098425711,2.4,Gen_Z,3,0,1
19,41,3,1,214.31343067023005,143.65698334470488,4.486824139635653,sepeda,Makassar,3,19.85,71.43781022341001,47.88566111490163,357.97041401493493,0.3333333333333333,Milenial_Senior,2,2,3
20,61,2,10,203.1104925456856,180.8895401706722,0.1944921302006257,motor,Makassar,5,21.62,101.5552462728428,90.4447700853361,384.0000327163578,5.0,Gen_X,1,2,0
21,47,3,6,127.31278457317792,206.9749123365144,5.848468519423798,mobil,Jakarta,7,15.46,42.437594857725976,68.9916374455048,334.28769690969233,2.0,Milenial_Senior,0,1,3
22,55,1,5,181.64708168967329,256.6471297485341,5.2866783352124616,transportasi_umum,Bandung,15,17.18,181.64708168967329,256.6471297485341,438.2942114382074,5.0,Gen_X,3,0,0
23,19,2,11,153.1844196825808,132.15210405286146,7.958157946811521,transportasi_umum,Medan,5,12.34,76.5922098412904,66.07605202643073,285.33652373544226,5.5,Gen_Z,3,3,1
24,38,5,4,147.10475463311076,71.9184561838598,6.222287309299086,motor,Bandung,5,17.61,29.42095092662215,14.383691236771961,219.02321081697056,0.8,Milenial_Senior,1,0,3
25,50,2,13,190.92423673192695,372.4594530565432,9.581767848157526,motor,Bandung,7,21.97,95.46211836596348,186.2297265282716,563.3836897884702,6.5,Milenial_Senior,1,0,3
26,29,2,11,156.6923827123,109.4837583478056,5.214084764157428,motor,Makassar,7,16.26,78.34619135615,54.7418791739028,266.1761410601056,5.5,Milenial_Muda,1,2,2
27,39,2,3,172.3319865758543,266.9058978396441,4.7889398959953855,transportasi_umum,Bandung,5,17.22,86.16599328792715,133.45294891982206,439.23788441549846,1.5,Milenial_Senior,3,0,3
28,61,6,1,139.33638120171042,202.501350179894,4.631286698565808,transportasi_umum,Bandung,15,18.34,23.22273020028507,33.75022502998233,341.8377313816044,0.16666666666666666,Gen_X,3,0,0
29,42,2,6,206.45347187675716,220.10445126451043,4.120822577936453,motor,Medan,10,20.69,103.22673593837858,110.05222563225522,426.55792314126757,3.0,Milenial_Senior,1,3,3
30,44,3,2,145.97921131455035,199.87595953312777,0.5844981672348624,motor,Makassar,5,16.38,48.659737104850116,66.62531984437592,345.8551708476781,0.6666666666666666,Milenial_Senior,1,2,3
31,59,1,8,126.72749087979732,169.21264944422995,4.5596107459840844,transportasi_umum,Bandung,5,14.45,126.72749087979732,169.21264944422995,295.94014032402725,8.0,Gen_X,3,0,0
32,45,4,10,153.1844196825808,237.11778263387671,0.8642905471280153,transportasi_umum,Surabaya,7,22.55,38.2961049206452,59.27944565846918,390.3022023164575,2.5,Milenial_Senior,3,4,3
33,33,2,5,79.742003881777,164.91302349941634,5.904066689171538,sepeda,Jakarta,10,8.46,39.8710019408885,82.45651174970817,244.65502738119335,2.5,Milenial_Muda,2,1,2
34,32,5,7,175.05166717586724,293.30421977894315,2.5198794150588317,transportasi_umum,Medan,3,23.15,35.01033343517345,58.66084395578863,468.3558869548104,1.4,Milenial_Muda,3,3,2
35,64,2,10,97.87575628864306,245.4752805004924,3.21133475382316,motor,Bandung,7,14.4,48.93787814432153,122.7376402502462,343.3510367891355,5.0,Gen_X,1,0,0
36,61,5,12,213.89634146190824,247.9675290625195,3.6611796103348966,mobil,Surabaya,7,25.67,42.779268292381644,49.5935058125039,461.86387052442774,2.4,Gen_X,0,4,0
37,20,3,2,136.94863733766022,159.43015519547276,4.590129924373509,mobil,Bandung,5,15.46,45.64954577922007,53.14338506515759,296.378792533133,0.6666666666666666,Gen_Z,0,0,1
38,54,5,13,156.74923604098444,181.09162103288037,5.013736509878074,motor,Bandung,7,20.69,31.349847208196888,36.21832420657607,337.8408570738648,2.6,Gen_X,1,0,0
39,24,4,8,170.6285198322061,104.9669753086348,7.168959166146141,mobil,Makassar,15,20.91,42.65712995805153,26.2417438271587,275.5954951408409,2.0,Gen_Z,0,2,1
40,38,1,2,53.51577018429214,171.75871546195503,3.844939812984893,transportasi_umum,Makassar,3,6.41,53.51577018429214,171.75871546195503,225.27448564624717,2.0,Milenial_Senior,3,2,3
41,26,5,4,117.47075792215716,117.0739266914962,5.96029227244474,motor,Makassar,5,15.41,23.49415158443143,23.41478533829924,234.54468461365337,0.8,Milenial_Muda,1,2,2
42,56,5,1,202.17729546432767,305.0454812470972,10.461734466447137,transportasi_umum,Surabaya,5,21.97,40.435459092865536,61.00909624941944,507.2227767114249,0.2,Gen_X,3,4,0
43,35,1,5,193.38825120854443,204.0428652475205,5.754701405526459,mobil,Bandung,15,17.43,193.38825120854443,204.0428652475205,397.43111645606496,5.0,Milenial_Muda,0,0,2
44,21,4,9,164.15161026976082,213.6397788032345,4.639020422136732,sepeda,Jakarta,20,20.47,41.037902567440206,53.40994470080862,377.79138907299534,2.25,Gen_Z,2,1,1
45,42,2,1,82.52682142872384,181.9882778119983,3.441696696143405,motor,Medan,5,9.8,41.26341071436192,90.99413890599915,264.5150992407221,0.5,Milenial_Senior,1,3,3
46,31,5,9,179.27517304292897,215.80631376411264,4.611336909159343,motor,Makassar,10,22.33,35.8550346085858,43.16126275282253,395.08148680704164,1.8,Milenial_Muda,1,2,2
47,26,1,11,185.6699795102723,202.88507131757015,3.2275593127811883,mobil,Makassar,7,20.48,185.6699795102723,202.88507131757015,388.5550508278425,11.0,Milenial_Muda,0,2,2
48,43,3,8,152.35086065618725,175.98877724860068,5.537322853367545,motor,Bandung,7,17.9,50.783620218729084,58.662925749533564,328.33963790478793,2.6666666666666665,Milenial_Senior,1,0,3
49,19,1,6,211.15854752957284,147.9669572232005,5.207088277278786,transportasi_umum,Bandung,5,18.17,211.15854752957284,147.9669572232005,359.12550475277334,6.0,Gen_Z,3,0,1
50,37,3,7,115.82841049349383,242.37545063243545,0.6755615581644134,transportasi_umum,Surabaya,5,14.71,38.60947016449794,80.79181687747848,358.2038611259293,2.3333333333333335,Milenial_Senior,3,4,3
51,45,4,3,124.50712112500126,0.0,4.962883988467865,motor,Surabaya,5,15.02,31.126780281250316,0.0,124.50712112500126,0.75,Milenial_Senior,1,4,3
52,64,2,1,25.76942104570928,205.11654295287465,7.152292625280026,mobil,Makassar,7,6.46,12.88471052285464,102.55827147643733,230.88596399858392,0.5,Gen_X,0,2,0
53,24,1,5,195.9913755073832,170.26296773656793,4.201776295594501,mobil,Bandung,3,17.67,195.9913755073832,170.26296773656793,366.2543432439511,5.0,Gen_Z,0,0,1
54,61,6,12,165.6930981735067,120.61493871711248,3.694206455176876,motor,Jakarta,15,24.17,27.615516362251117,20.102489786185412,286.3080368906192,2.0,Gen_X,1,1,0
55,25,5,12,65.90898374333854,240.62061362492005,2.244598453766295,transportasi_umum,Medan,3,13.94,13.181796748667708,48.12412272498401,306.5295973682586,2.4,Gen_Z,3,3,1
56,64,4,2,62.07005000029263,204.31907347566343,1.284015916751191,transportasi_umum,Bandung,5,10.61,15.517512500073158,51.07976836891586,266.38912347595607,0.5,Gen_X,3,0,0
57,52,1,5,106.36846863144947,55.80728740046263,6.662698534126509,mobil,Bandung,7,9.38,106.36846863144947,55.80728740046263,162.1757560319121,5.0,Gen_X,0,0,0
58,31,5,8,189.68289709901768,148.27763830460498,4.637043340841608,transportasi_umum,Surabaya,10,24.97,37.936579419803536,29.655527660920995,337.96053540362266,1.6,Milenial_Muda,3,4,2
59,34,1,11,134.98197559556857,0.0,6.544043124006846,mobil,Medan,3,14.66,134.98197559556857,0.0,134.98197559556857,11.0,Milenial_Muda,0,3,2
60,53,3,9,109.76065416698376,223.46154513068024,8.062647489158937,transportasi_umum,Makassar,5,15.47,36.586884722327916,74.48718171022675,333.222199297664,3.0,Gen_X,3,2,0
61,57,1,2,99.6942053458252,222.66395347521257,6.842495369820691,mobil,Bandung,20,11.12,99.6942053458252,222.66395347521257,322.35815882103776,2.0,Gen_X,0,0,0
62,21,6,12,97.45440210859066,136.53744849330613,3.915255357122408,transportasi_umum,Makassar,5,19.69,16.242400351431776,22.75624141555102,233.99185060189677,2.0,Gen_Z,3,2,1
63,19,1,3,53.31608494462199,243.20901693465012,5.289735329315111,transportasi_umum,Bandung,5,8.64,53.31608494462199,243.20901693465012,296.52510187927214,3.0,Gen_Z,3,0,1
64,23,1,3,89.63020841768127,97.4001103102782,3.770454269686163,motor,Makassar,10,9.98,89.63020841768127,97.4001103102782,187.03031872795947,3.0,Gen_Z,1,2,1
65,59,6,1,96.47109601614164,122.67863792520056,3.583423074796673,transportasi_umum,Medan,3,14.85,16.078516002690275,20.446439654200095,219.14973394134222,0.16666666666666666,Gen_X,3,3,0
66,21,4,8,184.1311618228573,233.37523715060516,5.685630324805247,motor,Surabaya,7,21.22,46.03279045571433,58.34380928765129,417.50639897346247,2.0,Gen_Z,1,4,1
67,46,1,6,141.71384734266925,144.90665960296454,3.335412233763655,motor,Medan,5,12.97,141.71384734266925,144.90665960296454,286.6205069456338,6.0,Milenial_Senior,1,3,3
68,35,6,12,108.72075784912695,194.98744350380443,0.5816967618225979,motor,Jakarta,5,20.28,18.120126308187825,32.49790725063407,303.7082013529314,2.0,Milenial_Muda,1,1,2
69,43,5,13,265.48613777030937,154.9080778058926,3.2237042085452465,sepeda,Surabaya,5,29.41,53.097227554061874,30.98161556117852,420.394215576202,2.6,Milenial_Senior,2,4,3
70,61,3,8,116.80515432266672,167.12550749606527,4.386237702625254,transportasi_umum,Medan,3,14.93,38.935051440888905,55.708502498688425,283.930661818732,2.6666666666666665,Gen_X,3,3,0
71,51,3,11,208.3551457191818,170.62206272360055,8.042796995663844,transportasi_umum,Jakarta,5,22.21,69.45171523972726,56.87402090786685,378.97720844278234,3.6666666666666665,Gen_X,3,1,0
72,27,1,9,231.05542788938575,143.4594594225458,4.0181251002572695,transportasi_umum,Bandung,3,22.53,231.05542788938575,143.4594594225458,374.51488731193155,9.0,Milenial_Muda,3,0,2
73,53,4,5,71.50198311713285,224.19597714880996,6.02384818205855,mobil,Bandung,10,13.83,17.875495779283213,56.04899428720249,295.6979602659428,1.25,Gen_X,0,0,0
74,31,4,12,153.6981482036784,149.76572105968404,4.663383532075861,transportasi_umum,Makassar,5,22.04,38.4245370509196,37.44143026492101,303.4638692633624,3.0,Milenial_Muda,3,2,2
75,48,5,3,124.1233174545888,201.25493710364816,7.452810287740768,mobil,Surabaya,5,17.53,24.82466349091776,40.25098742072963,325.37825455823696,0.6,Milenial_Senior,0,4,3
76,32,1,5,120.0537801720332,141.70146549004772,7.314192770927917,motor,Bandung,15,12.15,120.0537801720332,141.70146549004772,261.75524566208094,5.0,Milenial_Muda,1,0,2
77,25,3,5,177.7688408403454,77.25610988924332,7.352350210479839,motor,Surabaya,7,18.06,59.256280280115135,25.752036629747774,255.02495072958874,1.6666666666666667,Gen_Z,1,4,1
78,31,4,5,118.8564751788358,272.9948199407333,1.5320329411652946,transportasi_umum,Bandung,3,15.51,29.71411879470895,68.24870498518332,391.8512951195691,1.25,Milenial_Muda,3,0,2
79,40,1,3,125.20154768367648,239.96215880763268,5.413448094489989,transportasi_umum,Makassar,15,11.28,125.20154768367648,239.96215880763268,365.16370649130914,3.0,Milenial_Senior,3,2,3
80,57,4,11,141.59425521873533,383.0945655038138,6.517877200243896,motor,Medan,5,21.2,35.39856380468383,95.77364137595345,524.688820722549,2.75,Gen_X,1,3,0
81,38,6,10,131.33003658117153,116.48217280013937,5.763077125178662,motor,Makassar,3,19.27,21.888339430195256,19.413695466689894,247.81220938131088,1.6666666666666667,Milenial_Senior,1,2,3
82,33,4,4,91.32148964939374,183.2831610134376,6.273192651643658,transportasi_umum,Jakarta,10,13.89,22.830372412348435,45.8207902533594,274.6046506628313,1.0,Milenial_Muda,3,1,2
83,62,3,9,189.7953252423737,189.71940153153557,5.116702008570955,motor,Bandung,7,22.03,63.26510841412457,63.239800510511856,379.5147267739093,3.0,Gen_X,1,0,0
84,35,2,13,202.42654692538,279.14955506257047,3.5104315865469458,transportasi_umum,Jakarta,5,21.76,101.21327346269,139.57477753128524,481.57610198795044,6.5,Milenial_Muda,3,1,2
85,64,5,10,153.1844196825808,159.43136846939132,1.6058052300274963,sepeda,Jakarta,5,23.83,30.63688393651616,31.886273693878262,312.6157881519721,2.0,Gen_X,2,1,0
86,41,5,9,131.17236744888672,106.31665166593164,3.708861142703049,motor,Surabaya,7,17.64,26.234473489777344,21.263330333186328,237.48901911481835,1.8,Milenial_Senior,1,4,3
87,43,3,2,114.73946318351094,296.62474467688014,10.356219747276786,motor,Bandung,5,15.3,38.24648772783698,98.87491489229338,411.36420786039105,0.6666666666666666,Milenial_Senior,1,0,3
88,42,4,8,114.81899685367767,174.66799765910176,4.028697647818656,transportasi_umum,Jakarta,15,16.88,28.70474921341942,43.66699941477544,289.48699451277946,2.0,Milenial_Senior,3,1,3
89,62,1,8,267.8688182516354,270.29148077808344,1.0812195478185125,transportasi_umum,Medan,5,25.44,267.8688182516354,270.29148077808344,538.1602990297188,8.0,Gen_X,3,3,0
90,58,4,7,153.1844196825808,260.9758720633769,6.465298721458165,mobil,Jakarta,15,21.39,38.2961049206452,65.24396801584423,414.1602917459577,1.75,Gen_X,0,1,0
91,46,3,8,107.9944960708331,197.608762087816,6.710920017365289,sepeda,Medan,7,17.25,35.99816535694436,65.86958736260533,305.60325815864906,2.6666666666666665,Milenial_Senior,2,3,3
92,32,5,3,158.23489137185703,202.88507131757015,7.574648780304281,motor,Surabaya,10,19.1,31.646978274371406,40.57701426351403,361.1199626894272,0.6,Milenial_Muda,1,4,2
93,62,4,13,131.87324874503187,168.67481549361565,5.941957007413561,mobil,Jakarta,10,19.79,32.96831218625797,42.16870387340391,300.5480642386475,3.25,Gen_X,0,1,0
94,18,5,6,179.19001880781454,198.78454969840084,6.691203028933903,transportasi_umum,Makassar,7,23.18,35.83800376156291,39.75690993968017,377.9745685062154,1.2,Gen_Z,3,2,1
95,42,1,1,177.1749551394671,269.0480180936505,8.680434269683982,transportasi_umum,Surabaya,5,15.18,177.1749551394671,269.0480180936505,446.2229732331176,1.0,Milenial_Senior,3,4,3
96,24,5,7,204.18048269527355,136.28478551523364,3.5090530158757693,motor,Medan,5,24.17,40.83609653905471,27.256957103046727,340.4652682105072,1.4,Gen_Z,1,3,1
97,26,5,1,107.47217706689024,208.7076504167296,3.112298589152565,transportasi_umum,Surabaya,5,14.51,21.49443541337805,41.74153008334592,316.1798274836198,0.2,Milenial_Muda,3,4,2
98,41,2,9,155.23676493190652,110.5094857440954,2.8108269208941423,mobil,Jakarta,15,18.14,77.61838246595326,55.2547428720477,265.7462506760019,4.5,Milenial_Senior,0,1,3
99,18,2,1,62.57265075212368,120.4715013566246,4.468460827012034,motor,Bandung,10,7.16,31.28632537606184,60.2357506783123,183.04415210874828,0.5,Gen_Z,1,0,1
100,61,6,1,87.13298497855777,197.52488022755009,7.866844839650336,motor,Bandung,5,15.02,14.522164163092961,32.92081337125835,284.6578652061079,0.16666666666666666,Gen_X,1,0,0
101,25,2,7,194.20504182795895,43.18735933649344,6.05613673549247,transportasi_umum,Medan,3,18.7,97.10252091397948,21.59367966824672,237.3924011644524,3.5,Gen_Z,3,3,1
102,41,5,2,102.46581042973364,364.84468932928417,5.977383905418436,motor,Medan,5,17.11,20.49316208594673,72.96893786585683,467.31049975901783,0.4,Milenial_Senior,1,3,3
103,28,3,5,107.95456009760724,104.5552036071811,1.3613841426705529,motor,Bandung,7,15.36,35.98485336586908,34.85173453572703,212.50976370478833,1.6666666666666667,Milenial_Muda,1,0,2
104,34,5,8,149.58609627249754,196.79291898747573,3.6136263455271616,motor,Medan,7,19.8,29.917219254499507,39.35858379749514,346.37901525997324,1.6,Milenial_Muda,1,3,2
105,25,3,8,153.1844196825808,293.4574177453492,1.3286847342759265,transportasi_umum,Surabaya,10,22.12,51.06147322752693,97.81913924844973,446.64183742793,2.6666666666666665,Gen_Z,3,4,1
106,52,3,3,96.9586602082952,130.96757289996012,7.342491578643087,mobil,Makassar,20,14.17,32.31955340276507,43.65585763332004,227.9262331082553,1.0,Gen_X,0,2,0
107,52,2,7,10.0,15.784240836422669,8.171292985771466,transportasi_umum,Makassar,3,5.48,5.0,7.892120418211334,25.78424083642267,3.5,Gen_X,3,2,0
108,50,4,3,106.48883789282442,164.4043391900263,6.559133454480763,motor,Surabaya,7,13.75,26.622209473206105,41.10108479750657,270.8931770828507,0.75,Milenial_Senior,1,4,3
109,22,1,6,210.28140389764187,130.0143695939105,3.02642790852091,mobil,Makassar,5,16.9,210.28140389764187,130.0143695939105,340.2957734915524,6.0,Gen_Z,0,2,1
110,59,2,6,167.1567525508437,17.890119312639825,7.964044987231581,mobil,Jakarta,5,17.91,83.57837627542185,8.945059656319913,185.04687186348352,3.0,Gen_X,0,1,0
111,56,2,3,216.19374018936065,202.88507131757015,4.49349017994958,transportasi_umum,Surabaya,3,19.75,108.09687009468033,101.44253565878508,419.07881150693083,1.5,Gen_X,3,4,0
112,58,4,7,93.4091928933652,216.5675089786361,2.571081438494677,transportasi_umum,Medan,3,13.95,23.3522982233413,54.14187724465903,309.9767018720013,1.75,Gen_X,3,3,0
113,45,1,3,68.03018661679718,291.38611636306814,3.071191490776616,motor,Surabaya,15,7.54,68.03018661679718,291.38611636306814,359.41630297986535,3.0,Milenial_Senior,1,4,3
114,24,5,8,173.12742763237702,202.88507131757015,4.139686728816327,mobil,Bandung,5,20.29,34.6254855264754,40.57701426351403,376.01249894994714,1.6,Gen_Z,0,0,1
115,26,6,10,162.0011368842523,202.88507131757015,5.099157040969414,motor,Medan,7,22.96,27.000189480708716,33.81417855292836,364.88620820182246,1.6666666666666667,Milenial_Muda,1,3,2
116,25,6,4,165.27771601886292,202.88507131757015,4.677311576696413,mobil,Bandung,15,22.2,27.54628600314382,33.81417855292836,368.1627873364331,0.6666666666666666,Gen_Z,0,0,1
117,29,5,13,196.6498321325284,202.88507131757015,2.1746631636579457,motor,Medan,10,25.67,39.32996642650568,40.57701426351403,399.53490345009857,2.6,Milenial_Muda,1,3,2
118,51,2,1,171.084246195613,273.7079682389197,7.426632818371283,motor,Makassar,3,16.72,85.5421230978065,136.85398411945985,444.7922144345327,0.5,Gen_X,1,2,0
119,50,1,4,170.28087965701894,312.8454404004127,4.698788161126314,motor,Surabaya,7,15.26,170.28087965701894,312.8454404004127,483.12632005743166,4.0,Milenial_Senior,1,4,3
120,40,2,7,185.75035069005705,297.1583307125877,3.572492287458698,mobil,Jakarta,5,18.85,92.87517534502852,148.57916535629386,482.9086814026448,3.5,Milenial_Senior,0,1,3
121,41,3,11,175.12083160935137,222.12349335141332,7.220604723965528,motor,Medan,10,19.61,58.37361053645046,74.0411644504711,397.2443249607647,3.6666666666666665,Milenial_Senior,1,3,3
122,54,2,4,192.8722965858703,263.9599402803318,2.6331876234669376,transportasi_umum,Medan,10,19.52,96.43614829293514,131.9799701401659,456.8322368662021,2.0,Gen_X,3,3,0
123,52,2,13,200.4260412389291,148.76052521846526,1.7422196328509707,motor,Bandung,7,20.31,100.21302061946454,74.38026260923263,349.18656645739435,6.5,Gen_X,1,0,0
124,61,5,6,226.58444006204576,213.4716153980197,7.5449748931974785,motor,Makassar,5,24.44,45.31688801240915,42.69432307960394,440.05605546006547,1.2,Gen_X,1,2,0
125,57,5,9,117.54043375481604,104.6967888569755,8.782775699100679,transportasi_umum,Bandung,10,17.48,23.50808675096321,20.939357771395102,222.23722261179154,1.8,Gen_X,3,0,0
126,39,5,1,174.02810537053736,205.01483175094987,4.075807962697203,motor,Bandung,3,18.25,34.80562107410747,41.00296635018997,379.0429371214872,0.2,Milenial_Senior,1,0,3
127,44,6,13,131.48383157013518,207.091735791841,4.9080599841657095,motor,Makassar,3,21.8,21.913971928355863,34.51528929864016,338.57556736197614,2.1666666666666665,Milenial_Senior,1,2,3
128,52,3,5,108.32205063603666,337.7702884547976,2.706670570958193,mobil,Jakarta,5,14.94,36.10735021201222,112.5900961515992,446.09233909083423,1.6666666666666667,Gen_X,0,1,0
129,18,5,11,115.5229839459817,181.68137108078028,5.010985100486787,motor,Bandung,3,19.84,23.10459678919634,36.336274216156056,297.20435502676196,2.2,Gen_Z,1,0,1
130,52,1,7,174.74777587807628,207.2034270122629,4.048589472537606,motor,Bandung,5,16.16,174.74777587807628,207.2034270122629,381.9512028903392,7.0,Gen_X,1,0,0
131,54,6,1,170.9126277393,218.95691325696345,4.795743119930002,motor,Medan,10,19.7,28.48543795655,36.49281887616058,389.8695409962635,0.16666666666666666,Gen_X,1,3,0
132,64,4,4,170.02060146192184,163.61437472892374,5.818516775194485,transportasi_umum,Makassar,15,18.67,42.50515036548046,40.903593682230934,333.6349761908456,1.0,Gen_X,3,2,0
133,31,1,6,138.71431762153335,135.80058134306822,2.8037090439383068,mobil,Surabaya,5,12.56,138.71431762153335,135.80058134306822,274.51489896460157,6.0,Milenial_Muda,0,4,2
134,20,1,2,150.17073755892054,303.9049059877641,4.276377321534865,mobil,Jakarta,5,14.48,150.17073755892054,303.9049059877641,454.07564354668466,2.0,Gen_Z,0,1,1
135,18,5,10,190.88763479380248,121.52660456317618,1.3924371564436435,mobil,Jakarta,5,21.35,38.177526958760495,24.305320912635235,312.41423935697867,2.0,Gen_Z,0,1,1
136,22,4,5,153.1844196825808,93.76655426501814,4.290025431773424,motor,Makassar,5,11.64,38.2961049206452,23.441638566254536,246.95097394759892,1.25,Gen_Z,1,2,1
137,43,4,11,151.2321049214292,202.88507131757015,4.813131858166001,motor,Medan,3,19.54,37.8080262303573,50.72126782939254,354.1171762389994,2.75,Milenial_Senior,1,3,3
138,31,6,10,154.4978074063395,292.6251873619208,5.457964850122156,transportasi_umum,Medan,15,23.63,25.74963456772325,48.77086456032013,447.12299476826024,1.6666666666666667,Milenial_Muda,3,3,2
139,56,4,1,187.66521345388247,163.8872273919489,5.479153080726418,motor,Makassar,5,18.57,46.91630336347062,40.971806847987224,351.55244084583137,0.25,Gen_X,1,2,0
140,44,3,6,82.48757940285874,165.11572098800963,6.807845501473712,motor,Medan,5,10.59,27.495859800952914,55.038573662669876,247.60330039086836,2.0,Milenial_Senior,1,3,3
141,26,5,6,224.75668727587055,222.60348208854344,1.92066696145336,motor,Jakarta,3,24.89,44.95133745517411,44.52069641770869,447.360169364414,1.2,Milenial_Muda,1,1,2
142,32,4,13,160.6815212214255,143.37178586054534,2.0274459400994123,motor,Jakarta,15,21.27,40.170380305356375,35.842946465136336,304.05330708197084,3.25,Milenial_Muda,1,1,2
143,32,6,4,163.32902733474685,137.4629983510425,6.05791587278504,sepeda,Surabaya,10,20.52,27.221504555791142,22.91049972517375,300.7920256857893,0.6666666666666666,Milenial_Muda,2,4,2
144,43,3,13,129.93101213338866,270.3674070389093,0.922077445989168,motor,Makassar,15,17.88,43.31033737779622,90.12246901296976,400.29841917229794,4.333333333333333,Milenial_Senior,1,2,3
145,59,2,8,176.9011177398422,248.5704880626895,5.366600424209986,mobil,Bandung,10,18.25,88.4505588699211,124.28524403134475,425.4716058025317,4.0,Gen_X,0,0,0
146,30,2,4,152.39770251415527,304.89271090544844,2.6394141208202124,motor,Bandung,5,16.52,76.19885125707764,152.44635545272422,457.29041341960374,2.0,Milenial_Muda,1,0,2
147,49,3,8,210.44909720532328,99.79287901076034,8.145629281834363,sepeda,Surabaya,5,20.54,70.1496990684411,33.26429300358678,310.24197621608363,2.6666666666666665,Milenial_Senior,2,4,3
148,56,6,13,77.92528759681923,159.80300104715067,5.500904815455555,motor,Surabaya,7,17.34,12.987547932803205,26.633833507858444,237.7282886439699,2.1666666666666665,Gen_X,1,4,0
149,49,3,8,158.7772914945254,222.49436498155623,4.5616879605738765,motor,Medan,5,19.42,52.92576383150847,74.1647883271854,381.2716564760816,2.6666666666666665,Milenial_Senior,1,3,3
150,21,5,5,170.4256174188713,202.88507131757015,7.455441754278357,transportasi_umum,Surabaya,7,19.01,34.08512348377426,40.57701426351403,373.3106887364414,1.0,Gen_Z,3,4,1
151,47,5,13,140.6813802818454,251.334994972372,2.8731959868580983,transportasi_umum,Surabaya,3,21.46,28.13627605636908,50.2669989944744,392.0163752542174,2.6,Milenial_Senior,3,4,3
152,54,2,4,129.7667088346477,297.97016697810653,3.2531807318243837,motor,Bandung,3,12.98,64.88335441732384,148.98508348905327,427.7368758127542,2.0,Gen_X,1,0,0
153,40,4,12,131.85213605156463,153.33136222181213,2.477090332689782,motor,Medan,7,18.93,32.96303401289116,38.33284055545303,285.18349827337676,3.0,Milenial_Senior,1,3,3
154,56,6,13,158.7319634683914,203.08735521816263,3.269921547302014,motor,Surabaya,7,22.65,26.4553272447319,33.84789253636044,361.819318686554,2.1666666666666665,Gen_X,1,4,0
155,62,2,2,59.50205495096471,316.44949520648936,5.122231218734775,motor,Surabaya,10,10.4,29.751027475482356,158.22474760324468,375.95155015745405,1.0,Gen_X,1,4,0
156,32,4,11,198.2507480531615,343.94172600151995,5.987903743987441,motor,Medan,3,22.91,49.56268701329037,85.98543150037999,542.1924740546815,2.75,Milenial_Muda,1,3,2
157,60,4,3,125.99340661520746,259.6641000848323,6.922843370735086,mobil,Makassar,7,16.78,31.498351653801866,64.91602502120807,385.65750670003973,0.75,Gen_X,0,2,0
158,46,5,3,156.39013486833915,247.47433385548877,1.3505519061985218,motor,Medan,3,20.8,31.278026973667828,49.494866771097755,403.86446872382794,0.6,Milenial_Senior,1,3,3
159,53,1,4,168.35511333940337,131.70107722520706,4.656274027073416,motor,Bandung,3,14.08,168.35511333940337,131.70107722520706,300.05619056461046,4.0,Gen_X,1,0,0
160,30,1,4,123.70973063435216,228.73675203662728,2.783670937618397,mobil,Makassar,5,11.8,123.70973063435216,228.73675203662728,352.44648267097944,4.0,Milenial_Muda,0,2,2
161,49,3,10,143.4480796500502,244.54566726199985,4.589425817023798,sepeda,Jakarta,3,17.41,47.81602655001674,81.51522242066662,387.99374691205,3.3333333333333335,Milenial_Senior,2,1,3
162,24,5,11,48.23798796872481,183.17038731511636,9.66832716025408,mobil,Medan,5,13.47,9.647597593744962,36.634077463023274,231.40837528384117,2.2,Gen_Z,0,3,1
163,39,4,11,186.6061803666536,152.41789963554703,5.58372352400003,motor,Bandung,5,22.75,46.6515450916634,38.10447490888676,339.02408000220066,2.75,Milenial_Senior,1,0,3
164,45,6,5,204.00345001610825,97.4961861218516,6.798929942296492,motor,Makassar,5,23.1,34.000575002684705,16.249364353641933,301.49963613795984,0.8333333333333334,Milenial_Senior,1,2,3
165,19,1,4,64.95032240306232,60.98161959589663,8.921382544322093,sepeda,Medan,3,6.25,64.95032240306232,60.98161959589663,125.93194199895895,4.0,Gen_Z,2,3,1
166,59,4,11,129.6753561651869,202.88507131757015,7.254716486349516,motor,Surabaya,3,15.47,32.41883904129673,50.72126782939254,332.56042748275706,2.75,Gen_X,1,4,0
167,62,1,10,88.50653108795927,246.3554058293809,4.104171040626031,motor,Medan,3,13.72,88.50653108795927,246.3554058293809,334.8619369173402,10.0,Gen_X,1,3,0
168,23,1,8,141.1129839256297,211.8159460181421,2.448335826860124,mobil,Jakarta,3,16.64,141.1129839256297,211.8159460181421,352.9289299437718,8.0,Gen_Z,0,1,1
169,45,1,6,153.1844196825808,161.29510947671227,4.939711460958298,mobil,Medan,7,17.46,153.1844196825808,161.29510947671227,314.47952915929307,6.0,Milenial_Senior,0,3,3
170,45,6,6,199.36544496283125,173.4834961820289,3.864588431562629,mobil,Makassar,5,23.36,33.227574160471875,28.913916030338147,372.84894114486013,1.0,Milenial_Senior,0,2,3
171,61,5,8,206.0926594713424,216.8376433224388,1.950957426761652,motor,Makassar,5,25.09,41.21853189426848,43.36752866448776,422.93030279378115,1.6,Gen_X,1,2,0
172,61,6,7,215.52719123461063,186.8349543193125,5.481849994578937,motor,Medan,5,26.64,35.92119853910177,31.139159053218748,402.36214555392314,1.1666666666666667,Gen_X,1,3,0
173,37,2,10,138.87936107722172,92.75574559969374,5.531772596118666,sepeda,Makassar,7,15.52,69.43968053861086,46.37787279984687,231.63510667691546,5.0,Milenial_Senior,2,2,3
174,47,4,11,92.65206856332804,273.040017621944,8.538233400526572,motor,Surabaya,15,16.54,23.16301714083201,68.260004405486,365.69208618527205,2.75,Milenial_Senior,1,4,3
175,28,5,12,144.27048498460155,224.33009365358475,4.276473862326372,mobil,Medan,10,22.5,28.854096996920312,44.86601873071695,368.60057863818633,2.4,Milenial_Muda,0,3,2
176,45,5,10,181.6633751151788,221.27187838510787,5.560242777938898,transportasi_umum,Surabaya,10,21.62,36.33267502303576,44.25437567702157,402.93525350028665,2.0,Milenial_Senior,3,4,3
177,42,5,13,88.63701095395713,267.0050162686698,3.669029170619569,mobil,Surabaya,7,18.97,17.727402190791427,53.40100325373396,355.64202722262695,2.6,Milenial_Senior,0,4,3
178,56,5,8,233.0068476724121,134.90837151522604,6.746338861386931,motor,Bandung,7,25.35,46.60136953448242,26.981674303045207,367.9152191876382,1.6,Gen_X,1,0,0
179,50,6,2,194.8944269380171,297.09851501806736,4.750764407619741,motor,Medan,7,22.41,32.48240448966951,49.516419169677896,491.99294195608445,0.3333333333333333,Milenial_Senior,1,3,3
180,18,5,9,139.67164157843354,188.79657184462096,2.654816782294515,mobil,Makassar,5,18.77,27.934328315686706,37.759314368924194,328.4682134230545,1.8,Gen_Z,0,2,1
181,44,3,1,114.45640347943794,271.08791042647,4.973056356669684,transportasi_umum,Surabaya,5,12.94,38.15213449314598,90.36263680882332,385.5443139059079,0.3333333333333333,Milenial_Senior,3,4,3
182,30,4,8,116.54394594436783,258.7559226790124,5.7810457951300025,transportasi_umum,Bandung,5,15.96,29.13598648609196,64.6889806697531,375.29986862338023,2.0,Milenial_Muda,3,0,2
183,58,5,12,153.71031069000776,116.89585375979551,5.510546774827126,motor,Medan,15,22.95,30.74206213800155,23.3791707519591,270.60616444980326,2.4,Gen_X,1,3,0
184,20,4,11,138.5298698634824,240.23203239313088,7.091793430991739,motor,Medan,7,19.97,34.6324674658706,60.05800809828272,378.76190225661327,2.75,Gen_Z,1,3,1
185,56,3,12,197.52513776413124,226.1019736677348,2.103887255918621,transportasi_umum,Jakarta,10,23.67,65.84171258804375,75.3673245559116,423.62711143186607,4.0,Gen_X,3,1,0
186,23,3,12,132.85120858486854,202.4249325995474,3.314514819970117,transportasi_umum,Jakarta,5,18.48,44.283736194956184,67.47497753318247,335.2761411844159,4.0,Gen_Z,3,1,1
187,25,4,4,175.27509053057454,192.4502599971695,6.279574663591075,transportasi_umum,Surabaya,5,19.68,43.818772632643636,48.112564999292374,367.725350527744,1.0,Gen_Z,3,4,1
188,44,1,4,148.5537557912565,193.12854002257663,3.549462044077857,motor,Jakarta,3,14.23,148.5537557912565,193.12854002257663,341.6822958138331,4.0,Milenial_Senior,1,1,3
189,26,2,5,163.48346786985354,265.01515405151963,5.480942498660414,mobil,Surabaya,3,16.8,81.74173393492677,132.50757702575982,428.49862192137317,2.5,Milenial_Muda,0,4,2
190,54,1,8,138.49717822018087,246.2328411033208,0.1605095051764751,transportasi_umum,Makassar,10,14.7,138.49717822018087,246.2328411033208,384.73001932350166,8.0,Gen_X,3,2,0
191,50,1,5,185.38577706248105,202.4383080212532,10.431893144625764,mobil,Surabaya,7,15.69,185.38577706248105,202.4383080212532,387.82408508373425,5.0,Milenial_Senior,0,4,3
192,59,6,8,153.1844196825808,80.64510828229002,4.460562936885328,motor,Jakarta,5,24.28,25.530736613763466,13.440851380381671,233.8295279648708,1.3333333333333333,Gen_X,1,1,0
193,61,1,10,172.9964512911072,239.5554731266895,7.387912519976556,motor,Makassar,10,16.17,172.9964512911072,239.5554731266895,412.5519244177967,10.0,Gen_X,1,2,0
194,41,5,1,180.37571635747523,257.8890895342224,4.326204348833018,mobil,Jakarta,5,19.67,36.075143271495044,51.57781790684449,438.2648058916976,0.2,Milenial_Senior,0,1,3
195,32,6,12,102.78156112284736,384.0328068357576,5.829397057461773,motor,Surabaya,20,22.69,17.13026018714123,64.0054678059596,486.814367958605,2.0,Milenial_Muda,1,4,2
196,49,6,10,166.16228814544897,286.03464504840304,7.983839292690545,mobil,Bandung,5,23.97,27.693714690908163,47.67244084140051,452.19693319385203,1.6666666666666667,Milenial_Senior,0,0,3
197,49,3,9,212.46008837437668,48.0658889667626,7.331612038416771,sepeda,Medan,5,21.69,70.82002945812556,16.021962988920865,260.5259773411393,3.0,Milenial_Senior,2,3,3
198,41,1,6,174.57022835097487,206.27435192149144,4.591090040629551,motor,Jakarta,5,17.3,174.57022835097487,206.27435192149144,380.8445802724663,6.0,Milenial_Senior,1,1,3
199,58,3,3,153.1844196825808,344.91000229319854,4.729491349212615,transportasi_umum,Surabaya,3,12.27,51.06147322752693,114.97000076439951,498.09442197577937,1.0,Gen_X,3,4,0
200,29,4,13,147.51167451754577,249.88390855213095,7.0071331203665705,motor,Makassar,3,19.38,36.87791862938644,62.47097713803274,397.3955830696767,3.25,Milenial_Muda,1,2,2
201,56,2,8,168.74889691698544,226.29217282985672,9.666488808570602,mobil,Jakarta,7,17.75,84.37444845849272,113.14608641492836,395.04106974684214,4.0,Gen_X,0,1,0
202,19,6,9,112.13002415508456,272.0182927132189,5.384565348798082,sepeda,Jakarta,15,18.75,18.68833735918076,45.336382118869814,384.1483168683035,1.5,Gen_Z,2,1,1
203,20,4,6,82.08644016383236,150.20974440073576,8.914127281083282,motor,Medan,10,13.32,20.52161004095809,37.55243610018394,232.29618456456814,1.5,Gen_Z,1,3,1
204,54,4,11,134.19510657817364,238.24719973019648,4.517171179159588,motor,Surabaya,3,19.65,33.54877664454341,59.56179993254912,372.4423063083701,2.75,Gen_X,1,4,0
205,34,5,7,112.95837960161488,179.96255688064716,6.903920727019604,motor,Bandung,7,18.66,22.591675920322977,35.99251137612943,292.92093648226205,1.4,Milenial_Muda,1,0,2
206,19,2,1,149.28554843050156,198.43012113516204,7.202311524494573,motor,Makassar,3,15.35,74.64277421525078,99.21506056758102,347.7156695656636,0.5,Gen_Z,1,2,1
207,19,4,5,70.42976762518558,266.2763612556085,4.180078992294453,transportasi_umum,Surabaya,3,12.1,17.607441906296394,66.56909031390212,336.70612888079404,1.25,Gen_Z,3,4,1
208,45,4,5,178.2350531268078,125.86295180062548,3.505843841396717,transportasi_umum,Makassar,7,19.28,44.55876328170195,31.46573795015637,304.0980049274333,1.25,Milenial_Senior,3,2,3
209,40,2,10,118.26974823533216,303.03859790415504,7.290778377094705,motor,Jakarta,7,15.15,59.13487411766608,151.51929895207752,421.3083461394872,5.0,Milenial_Senior,1,1,3
210,54,2,4,199.7876118340678,166.17504311315653,3.936886125513887,motor,Medan,3,17.73,99.8938059170339,83.08752155657827,365.96265494722434,2.0,Gen_X,1,3,0
211,49,4,6,136.1550580101811,220.85302665203255,3.2113001746491943,motor,Medan,3,16.43,34.03876450254528,55.21325666300814,357.00808466221366,1.5,Milenial_Senior,1,3,3
212,50,2,7,148.73054768077563,87.95936317800455,3.632080996401806,transportasi_umum,Bandung,20,17.19,74.36527384038781,43.979681589002276,236.6899108587802,3.5,Milenial_Senior,3,0,3
213,18,4,9,141.34825606515412,257.58698326971125,3.928773323149176,motor,Medan,3,19.21,35.33706401628853,64.39674581742781,398.9352393348654,2.25,Gen_Z,1,3,1
214,36,4,1,115.59201549498636,315.7203148757262,6.713234209251355,mobil,Jakarta,5,15.18,28.89800387374659,78.93007871893155,431.3123303707126,0.25,Milenial_Senior,0,1,3
215,19,5,6,273.613973113633,202.88507131757015,6.030085346552376,mobil,Bandung,7,28.55,54.722794622726596,40.57701426351403,476.4990444312032,1.2,Gen_Z,0,0,1
216,61,1,7,125.20669109963576,111.182129079232,6.4313164895157815,mobil,Surabaya,3,13.38,125.20669109963576,111.182129079232,236.38882017886777,7.0,Gen_X,0,4,0
217,43,4,3,201.176076123283,222.23864517941664,5.842759622196165,motor,Medan,3,22.46,50.29401903082075,55.55966129485416,423.4147213026996,0.75,Milenial_Senior,1,3,3
218,49,3,8,95.31855269683024,316.3848515993394,3.812319675506722,transportasi_umum,Bandung,5,14.14,31.772850898943414,105.46161719977981,411.70340429616965,2.6666666666666665,Milenial_Senior,3,0,3
219,23,6,5,168.60656955465805,84.01147476152752,6.394205711816545,motor,Jakarta,10,21.49,28.10109492577634,14.001912460254587,252.61804431618557,0.8333333333333334,Gen_Z,1,1,1
220,49,1,9,173.94360819659178,111.49534550173264,7.364907653210608,motor,Makassar,7,15.95,173.94360819659178,111.49534550173264,285.43895369832444,9.0,Milenial_Senior,1,2,3
221,21,1,5,148.79115114509352,163.66483533507875,6.169006432238618,transportasi_umum,Makassar,7,14.07,148.79115114509352,163.66483533507875,312.45598648017227,5.0,Gen_Z,3,2,1
222,28,1,9,121.44976401802134,134.37249403754436,5.899311813251701,transportasi_umum,Jakarta,20,13.4,121.44976401802134,134.37249403754436,255.8222580555657,9.0,Milenial_Muda,3,1,2
223,34,5,10,136.83390486930182,134.62516267128035,3.465890986858647,motor,Jakarta,10,19.68,27.366780973860365,26.92503253425607,271.45906754058217,2.0,Milenial_Muda,1,1,2
224,55,4,4,129.83552490134397,32.47034978689783,5.423634157948956,motor,Makassar,5,15.43,32.45888122533599,8.117587446724457,162.3058746882418,1.0,Gen_X,1,2,0
225,41,5,9,270.1013140917728,247.1245557924694,3.359517341102597,motor,Bandung,5,30.0,54.02026281835456,49.424911158493884,517.2258698842422,1.8,Milenial_Senior,1,0,3
226,22,4,5,148.86984552775905,227.09764022957083,4.951944283838792,motor,Makassar,7,17.71,37.21746138193976,56.77441005739271,375.9674857573299,1.25,Gen_Z,1,2,1
227,51,5,10,176.24443893319753,64.09206401570836,1.719466721549368,motor,Jakarta,7,21.97,35.24888778663951,12.818412803141673,240.3365029489059,2.0,Gen_X,1,1,0
228,23,5,9,239.0812545212684,316.57566079649973,1.7348831940158136,motor,Medan,7,26.89,47.81625090425368,63.31513215929995,555.6569153177682,1.8,Gen_Z,1,3,1
229,39,6,3,106.18406660129094,334.487385194439,4.61790462010594,mobil,Surabaya,7,20.8,17.69734443354849,55.747897532406505,440.6714517957299,0.5,Milenial_Senior,0,4,3
230,28,3,4,151.8830116583969,139.92755601759086,3.903120656346021,transportasi_umum,Medan,3,15.5,50.62767055279897,46.64251867253029,291.8105676759877,1.3333333333333333,Milenial_Muda,3,3,2
231,33,5,9,136.54069341593055,293.32388727816044,5.213574386948347,mobil,Medan,5,19.61,27.308138683186108,58.66477745563209,429.864580694091,1.8,Milenial_Muda,0,3,2
232,50,6,10,145.6930777258318,154.16017560072433,4.730462841769762,mobil,Jakarta,5,22.36,24.28217962097197,25.69336260012072,299.8532533265561,1.6666666666666667,Milenial_Senior,0,1,3
233,26,2,11,141.04940164412574,214.48932081688488,5.06038157442031,motor,Makassar,3,16.65,70.52470082206287,107.24466040844244,355.5387224610106,5.5,Milenial_Muda,1,2,2
234,23,3,6,113.40614571848914,133.1390291983273,6.217214884713481,sepeda,Bandung,3,15.15,37.80204857282971,44.37967639944244,246.54517491681645,2.0,Gen_Z,2,0,1
235,33,5,2,159.77051424983165,377.1401218769821,4.073462088678335,transportasi_umum,Medan,7,20.58,31.95410284996633,75.42802437539642,536.9106361268138,0.4,Milenial_Muda,3,3,2
236,46,1,7,96.86836112919492,176.31862181360816,4.561112376710274,transportasi_umum,Makassar,7,10.91,96.86836112919492,176.31862181360816,273.18698294280307,7.0,Milenial_Senior,3,2,3
237,20,2,2,199.4441368654509,210.115921825877,7.910042445526328,transportasi_umum,Bandung,5,17.68,99.72206843272545,105.0579609129385,409.56005869132787,1.0,Gen_Z,3,0,1
238,37,2,11,181.1654903327302,144.96500900289385,5.006168253650054,transportasi_umum,Medan,7,18.61,90.5827451663651,72.48250450144693,326.13049933562405,5.5,Milenial_Senior,3,3,3
239,53,6,2,125.3268591817992,202.88507131757015,4.641579050749223,mobil,Bandung,7,18.62,20.887809863633198,33.81417855292836,328.2119304993694,0.3333333333333333,Gen_X,0,0,0
240,36,2,11,127.75083393130704,350.9291716871528,5.165025398646379,motor,Makassar,3,16.92,63.87541696565352,175.4645858435764,478.68000561845986,5.5,Milenial_Senior,1,2,3
241,43,3,1,163.77552811741265,330.47433450103523,4.677271253980939,mobil,Surabaya,7,16.85,54.59184270580422,110.15811150034507,494.2498626184479,0.3333333333333333,Milenial_Senior,0,4,3
242,20,5,11,110.07273421969089,276.51522786780976,3.5808554140935507,transportasi_umum,Makassar,10,18.83,22.014546843938177,55.30304557356195,386.5879620875006,2.2,Gen_Z,3,2,1
243,36,5,11,240.5990062067436,150.01683624527578,3.003940325640559,transportasi_umum,Jakarta,10,26.1,48.119801241348725,30.003367249055156,390.61584245201936,2.2,Milenial_Senior,3,1,3
244,37,1,12,167.89628643458843,266.22800767699346,3.4731373196999904,mobil,Bandung,7,19.17,167.89628643458843,266.22800767699346,434.1242941115819,12.0,Milenial_Senior,0,0,3
245,49,6,11,169.66315756918388,199.43657608602115,6.745838373541574,motor,Surabaya,7,24.72,28.277192928197312,33.23942934767019,369.099733655205,1.8333333333333333,Milenial_Senior,1,4,3
246,24,1,3,184.07225401786428,304.9926897394106,3.740189490563176,motor,Bandung,3,16.42,184.07225401786428,304.9926897394106,489.0649437572749,3.0,Gen_Z,1,0,1
247,58,2,6,121.02683629649648,289.27216426922894,4.690150796327447,transportasi_umum,Bandung,5,13.94,60.51341814824824,144.63608213461447,410.2990005657254,3.0,Gen_X,3,0,0
248,50,1,8,204.4504990892387,148.05875375392606,6.401472570265795,mobil,Medan,3,19.13,204.4504990892387,148.05875375392606,352.50925284316475,8.0,Milenial_Senior,0,3,3
249,57,3,9,155.7266683107732,275.8260642269773,4.443217658378043,mobil,Jakarta,20,20.4,51.9088894369244,91.94202140899243,431.55273253775044,3.0,Gen_X,0,1,0
250,56,5,7,197.5072735499416,254.5627560035141,6.266722629687305,motor,Bandung,3,25.19,39.50145470998832,50.91255120070282,452.0700295534557,1.4,Gen_X,1,0,0
251,35,2,4,140.10234367158347,0.0,1.9184139151382664,motor,Makassar,3,12.0,70.05117183579173,0.0,140.10234367158347,2.0,Milenial_Muda,1,2,2
252,57,1,6,215.86391133655928,264.074931170357,4.734966640916207,transportasi_umum,Makassar,15,20.97,215.86391133655928,264.074931170357,479.9388425069163,6.0,Gen_X,3,2,0
253,18,6,5,170.0671813512395,165.4563369087835,5.157792193197017,mobil,Medan,15,21.7,28.344530225206583,27.576056151463916,335.523518260023,0.8333333333333334,Gen_Z,0,3,1
254,28,3,8,259.12535120885434,129.11660365346611,5.046277446196336,transportasi_umum,Jakarta,10,25.0,86.37511706961811,43.0388678844887,388.2419548623204,2.6666666666666665,Milenial_Muda,3,1,2
255,45,3,1,131.5239191588885,132.5391516565006,1.6941626043222322,mobil,Jakarta,3,14.54,43.84130638629617,44.17971721883353,264.0630708153891,0.3333333333333333,Milenial_Senior,0,1,3
256,42,1,1,160.22746980453726,189.1805683494375,7.406225292861609,mobil,Makassar,3,13.56,160.22746980453726,189.1805683494375,349.40803815397476,1.0,Milenial_Senior,0,2,3
257,40,5,13,98.4211876564921,238.40476640693467,3.2906541100571665,motor,Surabaya,5,19.56,19.684237531298418,47.680953281386934,336.82595406342676,2.6,Milenial_Senior,1,4,3
258,48,1,11,123.535088122689,90.76303822462556,5.670074250524936,transportasi_umum,Medan,3,15.21,123.535088122689,90.76303822462556,214.29812634731456,11.0,Milenial_Senior,3,3,3
259,47,2,6,180.9343273923953,215.18782689699717,5.015928565294661,motor,Medan,3,19.83,90.46716369619764,107.59391344849858,396.1221542893925,3.0,Milenial_Senior,1,3,3
260,59,1,10,206.46622187697503,246.14064529544575,7.007419047621355,motor,Makassar,7,18.53,206.46622187697503,246.14064529544575,452.6068671724208,10.0,Gen_X,1,2,0
261,52,3,12,298.2505175860361,348.94446269357053,9.374977658748412,mobil,Makassar,15,30.0,99.41683919534536,116.31482089785685,647.1949802796066,4.0,Gen_X,0,2,0
262,24,1,2,145.16855466883896,113.8647864619896,2.419271030914328,transportasi_umum,Surabaya,5,10.82,145.16855466883896,113.8647864619896,259.03334113082855,2.0,Gen_Z,3,4,1
263,33,5,5,103.33932961772013,172.0310250577757,3.7021722374550015,motor,Surabaya,7,15.17,20.667865923544024,34.406205011555144,275.37035467549583,1.0,Milenial_Muda,1,4,2
264,43,6,1,187.66628801886208,220.9330378157183,5.378184987678104,transportasi_umum,Jakarta,7,19.79,31.277714669810347,36.822172969286385,408.5993258345804,0.16666666666666666,Milenial_Senior,3,1,3
265,19,4,7,93.6086389749347,291.7927464153285,2.7892933648944167,motor,Medan,5,15.95,23.402159743733677,72.94818660383213,385.4013853902632,1.75,Gen_Z,1,3,1
266,18,1,1,178.2138694013368,175.6620895062549,6.56436521591152,motor,Medan,7,15.42,178.2138694013368,175.6620895062549,353.87595890759167,1.0,Gen_Z,1,3,1
267,29,5,4,124.8872141902938,295.8913097592841,6.6867452443141175,motor,Makassar,5,17.58,24.97744283805876,59.178261951856825,420.7785239495779,0.8,Milenial_Muda,1,2,2
268,22,5,9,160.57974851901966,45.01101468188321,6.1188981519900745,motor,Jakarta,3,19.46,32.115949703803935,9.002202936376642,205.59076320090287,1.8,Gen_Z,1,1,1
269,54,6,1,204.55230510823336,99.73214455024912,5.473163501752395,mobil,Medan,10,22.83,34.09205085137223,16.622024091708187,304.28444965848246,0.16666666666666666,Gen_X,0,3,0
270,49,3,4,144.4633285459652,227.89154754673768,7.7394175559395615,motor,Jakarta,3,15.5,48.154442848655066,75.9638491822459,372.35487609270285,1.3333333333333333,Milenial_Senior,1,1,3
271,26,5,6,196.64395421643107,87.13404015296999,2.688749036662276,mobil,Jakarta,20,21.1,39.328790843286214,17.426808030593996,283.7779943694011,1.2,Milenial_Muda,0,1,2
272,58,5,6,193.65792743095744,106.04235785866264,5.130536390685107,transportasi_umum,Makassar,3,20.9,38.73158548619149,21.208471571732527,299.70028528962007,1.2,Gen_X,3,2,0
273,52,5,12,56.78342358454526,202.88507131757015,3.522394262539557,motor,Jakarta,7,14.48,11.356684716909053,40.57701426351403,259.6684949021154,2.4,Gen_X,1,1,0
274,36,5,13,104.91996269822138,261.71511935326595,6.779832665130337,transportasi_umum,Surabaya,5,18.49,20.983992539644277,52.34302387065319,366.6350820514873,2.6,Milenial_Senior,3,4,3
275,33,2,8,71.90965693022642,202.88507131757015,1.3333176709871344,motor,Surabaya,3,9.79,35.95482846511321,101.44253565878508,274.79472824779657,4.0,Milenial_Muda,1,4,2
276,20,2,1,250.08685512650675,213.62386897299157,4.943832268814041,mobil,Bandung,3,22.22,125.04342756325337,106.81193448649579,463.7107240994983,0.5,Gen_Z,0,0,1
277,37,3,7,144.7304037281337,282.63711577222443,5.670477374139897,motor,Makassar,7,18.77,48.2434679093779,94.21237192407482,427.3675195003581,2.3333333333333335,Milenial_Senior,1,2,3
278,41,1,1,239.04146064833213,184.4043833256833,3.1050157300524512,motor,Bandung,10,20.97,239.04146064833213,184.4043833256833,423.4458439740155,1.0,Milenial_Senior,1,0,3
279,50,5,13,68.35238597290083,170.49358163259677,3.747619935556867,motor,Surabaya,10,15.94,13.670477194580167,34.09871632651935,238.8459676054976,2.6,Milenial_Senior,1,4,3
280,41,6,7,121.36157877257372,232.1417026046859,5.030757962744211,motor,Bandung,7,19.77,20.226929795428955,38.690283767447646,353.5032813772596,1.1666666666666667,Milenial_Senior,1,0,3
281,28,1,3,153.1844196825808,184.6311157822848,6.910192758882952,motor,Makassar,10,16.88,153.1844196825808,184.6311157822848,337.8155354648656,3.0,Milenial_Muda,1,2,2
282,25,6,11,158.9637302213342,311.2399824992597,2.9342615428258925,mobil,Makassar,7,22.13,26.493955036889034,51.87333041654329,470.2037127205939,1.8333333333333333,Gen_Z,0,2,1
283,53,1,8,176.64299464067292,111.0869590292452,3.283100119250628,transportasi_umum,Jakarta,10,16.37,176.64299464067292,111.0869590292452,287.72995366991813,8.0,Gen_X,3,1,0
284,55,3,3,87.30958831033715,202.88507131757015,7.251175542080688,transportasi_umum,Medan,7,11.62,29.103196103445715,67.62835710585672,290.1946596279073,1.0,Gen_X,3,3,0
285,57,5,13,218.84017464394643,216.45490999685472,4.45404920016033,mobil,Jakarta,7,26.22,43.768034928789284,43.29098199937094,435.2950846408012,2.6,Gen_X,0,1,0
286,37,5,1,188.8508047878645,169.72367585228324,3.444921920310045,motor,Makassar,10,20.67,37.7701609575729,33.944735170456646,358.5744806401477,0.2,Milenial_Senior,1,2,3
287,52,4,13,170.08127527457367,0.0,6.457369594433832,motor,Surabaya,5,20.39,42.52031881864342,0.0,170.08127527457367,3.25,Gen_X,1,4,0
288,42,6,13,115.7194859459096,187.12760735606457,4.023606005535506,motor,Surabaya,10,19.52,19.286580990984934,31.187934559344097,302.84709330197416,2.1666666666666665,Milenial_Senior,1,4,3
289,52,1,8,166.19000638029726,272.0141589529973,7.054843070677547,motor,Jakarta,7,16.99,166.19000638029726,272.0141589529973,438.20416533329455,8.0,Gen_X,1,1,0
290,42,1,3,135.4255010503255,262.2487348900814,3.672559246040576,mobil,Makassar,3,12.78,135.4255010503255,262.2487348900814,397.6742359404069,3.0,Milenial_Senior,0,2,3
291,46,2,2,67.47543949811191,228.382278573616,4.680810876350008,mobil,Surabaya,3,6.7,33.737719749055955,114.191139286808,295.8577180717279,1.0,Milenial_Senior,0,4,3
292,35,4,1,147.47885741392562,112.17101133206212,6.889943330777463,motor,Makassar,5,14.81,36.869714353481406,28.04275283301553,259.64986874598776,0.25,Milenial_Muda,1,2,2
293,63,2,3,142.1634800888737,231.62475699667868,4.547478257652497,motor,Surabaya,7,14.96,71.08174004443686,115.81237849833934,373.7882370855524,1.5,Gen_X,1,4,0
294,35,2,2,203.120075493756,154.12497427662095,6.512106644157293,transportasi_umum,Makassar,10,19.39,101.560037746878,77.06248713831047,357.2450497703769,1.0,Milenial_Muda,3,2,2
295,19,2,2,38.27867788428986,228.27863247589332,4.86890478643799,transportasi_umum,Bandung,3,4.85,19.13933894214493,114.13931623794666,266.5573103601832,1.0,Gen_Z,3,0,1
296,52,6,6,161.75999144273504,209.72040091213725,8.963383612800058,motor,Makassar,10,20.92,26.959998573789175,34.95340015202287,371.48039235487227,1.0,Gen_X,1,2,0
297,33,6,12,92.22159759471413,121.88997829733027,8.137557208205697,transportasi_umum,Makassar,15,18.54,15.370266265785688,20.314996382888378,214.1115758920444,2.0,Milenial_Muda,3,2,2
298,58,3,1,165.96116710977734,128.6035328514477,2.343807475132504,sepeda,Jakarta,3,17.3,55.320389036592445,42.867844283815906,294.5646999612251,0.3333333333333333,Gen_X,2,1,0
299,53,3,2,168.71400277886528,228.40179635372127,6.044487362496019,motor,Bandung,15,17.19,56.23800092628843,76.1339321179071,397.1157991325865,0.6666666666666666,Gen_X,1,0,0
300,50,2,6,153.1844196825808,182.31095237691983,3.367192027797916,motor,Medan,20,14.99,76.5922098412904,91.15547618845991,335.4953720595006,3.0,Milenial_Senior,1,3,3
301,21,4,3,190.3646562405542,132.77748554742968,5.383013877585461,mobil,Jakarta,10,21.17,47.59116406013855,33.19437138685742,323.14214178798386,0.75,Gen_Z,0,1,1
302,50,1,4,87.71169704501504,126.17358482185335,5.136741258620522,transportasi_umum,Medan,10,10.22,87.71169704501504,126.17358482185335,213.8852818668684,4.0,Milenial_Senior,3,3,3
303,31,6,1,205.38602251408503,175.69353216110272,2.889225965815025,transportasi_umum,Surabaya,20,23.97,34.231003752347505,29.282255360183786,381.07955467518775,0.16666666666666666,Milenial_Muda,3,4,2
304,38,4,8,114.59605669029293,325.44838357745675,7.1169690870606495,motor,Medan,7,17.03,28.64901417257323,81.36209589436419,440.0444402677497,2.0,Milenial_Senior,1,3,3
305,37,5,13,72.20506747550523,157.9137574230433,5.4066058871381495,motor,Makassar,5,17.17,14.441013495101046,31.58275148460866,230.11882489854855,2.6,Milenial_Senior,1,2,3
306,25,6,7,136.38020147500956,198.8784369393929,4.430633928654833,mobil,Medan,10,18.29,22.73003357916826,33.14640615656548,335.25863841440247,1.1666666666666667,Gen_Z,0,3,1
307,24,6,7,45.242123866000725,208.1315430151608,4.12378035151281,mobil,Jakarta,7,15.06,7.540353977666787,34.6885905025268,253.3736668811615,1.1666666666666667,Gen_Z,0,1,1
308,20,3,3,162.7086946123101,109.51788868064456,5.279553939532471,motor,Jakarta,7,16.59,54.2362315374367,36.50596289354819,272.2265832929547,1.0,Gen_Z,1,1,1
309,34,1,10,137.0374778709887,58.973401292584384,5.8158500350285705,transportasi_umum,Medan,5,14.33,137.0374778709887,58.973401292584384,196.0108791635731,10.0,Milenial_Muda,3,3,2
310,50,1,10,211.6843460688018,117.86874122114152,4.750048427283468,mobil,Jakarta,10,18.9,211.6843460688018,117.86874122114152,329.55308728994333,10.0,Milenial_Senior,0,1,3
311,29,5,3,182.44621052534976,202.88507131757015,0.0,transportasi_umum,Jakarta,3,19.4,36.48924210506995,40.57701426351403,385.3312818429199,0.6,Milenial_Muda,3,1,2
312,39,5,2,80.4001831405995,206.98648463323275,5.033781432484967,transportasi_umum,Medan,15,13.78,16.0800366281199,41.39729692664655,287.38666777383224,0.4,Milenial_Senior,3,3,3
313,39,6,12,108.08062544410572,256.1925255320852,2.117035876780445,transportasi_umum,Bandung,5,20.71,18.01343757401762,42.69875425534753,364.2731509761909,2.0,Milenial_Senior,3,0,3
314,63,2,1,176.03322102671046,207.7399915967293,4.5810948687018485,motor,Bandung,3,17.18,88.01661051335523,103.86999579836466,383.7732126234398,0.5,Gen_X,1,0,0
315,47,3,7,192.3539504992517,191.23605668246373,2.190871485860717,mobil,Surabaya,5,21.1,64.11798349975057,63.745352227487906,383.59000718171546,2.3333333333333335,Milenial_Senior,0,4,3
316,55,3,7,211.125045744344,151.67901800598983,2.1670047298410653,motor,Jakarta,3,21.91,70.37501524811466,50.559672668663275,362.80406375033385,2.3333333333333335,Gen_X,1,1,0
317,55,6,12,210.72546426526745,270.7685431890154,7.470243643897056,mobil,Medan,7,26.52,35.12091071087791,45.12809053150257,481.49400745428284,2.0,Gen_X,0,3,0
318,62,4,2,145.5238694876047,126.46558890234266,4.359816038111219,motor,Jakarta,15,17.24,36.38096737190118,31.616397225585665,271.98945838994734,0.5,Gen_X,1,1,0
319,25,2,7,168.13278111255846,111.16803861631834,4.206675680356165,mobil,Makassar,10,16.01,84.06639055627923,55.58401930815917,279.30081972887683,3.5,Gen_Z,0,2,1
320,44,6,13,153.1844196825808,245.36444139104825,5.965048097657183,motor,Jakarta,3,28.97,25.530736613763466,40.89407356517471,398.54886107362904,2.1666666666666665,Milenial_Senior,1,1,3
321,44,2,8,134.8345769032026,202.88507131757015,4.258818953855096,motor,Jakarta,3,14.81,67.4172884516013,101.44253565878508,337.71964822077274,4.0,Milenial_Senior,1,1,3
322,51,2,1,168.98630934700617,393.1832798926905,9.20761218425482,motor,Bandung,10,17.23,84.49315467350308,196.59163994634525,562.1695892396967,0.5,Gen_X,1,0,0
323,38,2,9,133.6559610160174,206.39947044473143,4.453960478547961,motor,Medan,15,16.77,66.8279805080087,103.19973522236572,340.0554314607488,4.5,Milenial_Senior,1,3,3
324,47,6,7,122.45259427672865,227.83248930599083,5.730250823966021,transportasi_umum,Jakarta,7,20.47,20.408765712788107,37.972081550998475,350.2850835827195,1.1666666666666667,Milenial_Senior,3,1,3
325,50,3,3,152.41925591429018,135.32641403812903,6.941882662753722,transportasi_umum,Bandung,7,16.89,50.80641863809672,45.10880467937634,287.74566995241923,1.0,Milenial_Senior,3,0,3
326,45,3,8,115.62282743302045,174.7788124606763,8.20450645121382,mobil,Surabaya,5,14.5,38.54094247767348,58.25960415355877,290.40163989369677,2.6666666666666665,Milenial_Senior,0,4,3
327,64,2,7,143.45420136151253,165.85943064941168,3.51598772868472,motor,Bandung,15,16.47,71.72710068075627,82.92971532470584,309.3136320109242,3.5,Gen_X,1,0,0
328,50,4,11,98.25225677339336,156.65320098650866,4.16407299232271,motor,Bandung,7,15.26,24.56306419334834,39.163300246627166,254.90545775990202,2.75,Milenial_Senior,1,0,3
329,22,1,13,140.50028064088102,250.6369401207861,7.54918375058703,motor,Bandung,5,17.48,140.50028064088102,250.6369401207861,391.1372207616671,13.0,Gen_Z,1,0,1
330,36,6,8,153.1844196825808,164.0339169419775,6.620124608105383,motor,Jakarta,5,21.39,25.530736613763466,27.338986156996253,317.21833662455833,1.3333333333333333,Milenial_Senior,1,1,3
331,21,1,6,120.5618231896602,281.4000983267345,7.150351871336917,transportasi_umum,Jakarta,15,13.32,120.5618231896602,281.4000983267345,401.9619215163947,6.0,Gen_Z,3,1,1
332,52,4,9,150.46458762654564,413.0545880095859,2.2625909128806634,motor,Surabaya,3,20.1,37.61614690663641,103.26364700239648,563.5191756361315,2.25,Gen_X,1,4,0
333,34,6,5,156.96712968106323,202.88507131757015,8.095999507848038,motor,Makassar,5,21.79,26.161188280177203,33.81417855292836,359.8522009986334,0.8333333333333334,Milenial_Muda,1,2,2
334,61,2,3,172.62674459106674,212.18524108612996,3.4771849134303903,motor,Makassar,7,17.98,86.31337229553337,106.09262054306498,384.81198567719673,1.5,Gen_X,1,2,0
335,45,3,3,143.3210079347392,202.88507131757015,5.384585956283792,motor,Makassar,3,16.34,47.77366931157974,67.62835710585672,346.20607925230934,1.0,Milenial_Senior,1,2,3
336,47,1,1,204.2933170933903,344.92038500748134,4.703554244816459,mobil,Surabaya,3,18.38,204.2933170933903,344.92038500748134,549.2137021008716,1.0,Milenial_Senior,0,4,3
337,46,5,12,44.95405692740411,193.3881771969449,3.24303432690386,mobil,Makassar,10,14.8,8.990811385480821,38.67763543938898,238.342234124349,2.4,Milenial_Senior,0,2,3
338,63,5,8,296.8876423583887,133.678646427331,2.174928473157994,motor,Makassar,15,30.0,59.377528471677735,26.7357292854662,430.5662887857197,1.6,Gen_X,1,2,0
339,23,4,2,106.44331179812416,98.69275954994366,1.5123037667342043,motor,Bandung,10,13.58,26.61082794953104,24.673189887485915,205.13607134806782,0.5,Gen_Z,1,0,1
340,52,2,3,170.16950116770388,195.36128420542127,5.238036812107949,motor,Jakarta,15,16.08,85.08475058385194,97.68064210271064,365.5307853731251,1.5,Gen_X,1,1,0
341,58,1,8,103.07660448970756,164.1295824756894,1.9493618195330888,motor,Jakarta,7,12.61,103.07660448970756,164.1295824756894,267.20618696539697,8.0,Gen_X,1,1,0
342,54,2,8,182.2134079754651,360.8007431440001,2.7323688098262338,motor,Bandung,10,18.22,91.10670398773254,180.40037157200004,543.0141511194652,4.0,Gen_X,1,0,0
343,41,1,11,163.8284576297464,341.5889936541573,4.56392824360356,sepeda,Bandung,5,19.27,163.8284576297464,341.5889936541573,505.4174512839037,11.0,Milenial_Senior,2,0,3
344,46,4,4,117.46432313274552,117.25017376611216,0.0,mobil,Bandung,7,14.33,29.36608078318638,29.31254344152804,234.71449689885767,1.0,Milenial_Senior,0,0,3
345,63,4,4,203.65436727051565,143.1391917160657,6.557959424088002,mobil,Jakarta,20,21.02,50.91359181762891,35.78479792901643,346.7935589865814,1.0,Gen_X,0,1,0
346,48,5,5,141.80195601990394,205.9016086309509,0.180223665786384,motor,Makassar,5,19.78,28.36039120398079,41.18032172619018,347.70356465085484,1.0,Milenial_Senior,1,2,3
347,52,2,6,177.3607969028502,311.77811380470104,4.845255217334454,motor,Bandung,5,18.38,88.6803984514251,155.88905690235052,489.13891070755125,3.0,Gen_X,1,0,0
348,50,6,5,153.1844196825808,204.5610509096841,5.0300384531885785,mobil,Surabaya,7,18.07,25.530736613763466,34.09350848494735,357.7454705922649,0.8333333333333334,Milenial_Senior,0,4,3
349,38,5,7,148.455618221421,148.22074896095629,6.076123440363618,mobil,Bandung,3,20.67,29.691123644284197,29.644149792191257,296.67636718237725,1.4,Milenial_Senior,0,0,3
350,49,2,2,250.17036335910524,195.28945520778203,4.916638395220213,transportasi_umum,Medan,3,21.99,125.08518167955262,97.64472760389101,445.4598185668873,1.0,Milenial_Senior,3,3,3
351,40,5,7,198.14827645570648,149.72121088831625,9.035815927666476,motor,Bandung,10,23.33,39.6296552911413,29.94424217766325,347.86948734402273,1.4,Milenial_Senior,1,0,3
352,50,6,10,165.3810377725526,248.19817675515856,5.432633763137002,mobil,Jakarta,20,23.39,27.56350629542543,41.366362792526424,413.57921452771114,1.6666666666666667,Milenial_Senior,0,1,3
353,20,3,7,127.5539586195102,143.2773030668236,7.10722479848732,motor,Bandung,5,15.75,42.5179862065034,47.759101022274535,270.8312616863338,2.3333333333333335,Gen_Z,1,0,1
354,35,3,1,153.37492679375043,159.16511580584265,3.553074382259424,transportasi_umum,Medan,3,14.63,51.12497559791681,53.05503860194755,312.5400425995931,0.3333333333333333,Milenial_Muda,3,3,2
355,42,3,7,159.8782995086191,292.9547050764877,5.241513612378935,mobil,Surabaya,3,18.65,53.292766502873036,97.65156835882924,452.8330045851068,2.3333333333333335,Milenial_Senior,0,4,3
356,59,3,5,172.46142174598728,138.53080421487422,8.095140190057853,mobil,Makassar,15,16.85,57.48714058199576,46.17693473829141,310.9922259608615,1.6666666666666667,Gen_X,0,2,0
357,48,1,3,96.16697459111673,84.30975739518702,4.524609750620718,motor,Bandung,7,8.52,96.16697459111673,84.30975739518702,180.47673198630375,3.0,Milenial_Senior,1,0,3
358,20,3,13,183.42039804711823,207.5995001085044,5.384469528390462,mobil,Medan,5,19.79,61.140132682372744,69.19983336950146,391.0198981556226,4.333333333333333,Gen_Z,0,3,1
359,57,6,3,153.1844196825808,171.16212766363233,6.961706898274951,motor,Medan,7,16.25,25.530736613763466,28.527021277272055,324.34654734621313,0.5,Gen_X,1,3,0
360,63,4,4,231.5562926140936,240.9132400743963,3.515540959616731,motor,Surabaya,5,25.59,57.8890731535234,60.228310018599075,472.4695326884899,1.0,Gen_X,1,4,0
361,41,4,13,111.41858387915607,225.3977547784872,0.6768793333616134,motor,Jakarta,7,17.62,27.85464596978902,56.3494386946218,336.8163386576433,3.25,Milenial_Senior,1,1,3
362,49,1,12,164.83141598380877,197.44652042853104,5.5111473074247375,mobil,Bandung,15,18.69,164.83141598380877,197.44652042853104,362.27793641233984,12.0,Milenial_Senior,0,0,3
363,64,3,2,200.2571286639009,195.11652596240037,6.977338338716005,motor,Medan,7,20.71,66.7523762213003,65.0388419874668,395.37365462630123,0.6666666666666666,Gen_X,1,3,0
364,39,3,2,137.3809978267775,141.1313240541732,2.2971084702160574,motor,Surabaya,7,13.61,45.79366594225917,47.043774684724404,278.5123218809507,0.6666666666666666,Milenial_Senior,1,4,3
365,40,3,1,167.03000095499291,206.66776567945945,6.340439794554677,transportasi_umum,Makassar,5,16.05,55.67666698499764,68.88925522648648,373.69776663445236,0.3333333333333333,Milenial_Senior,3,2,3
366,19,5,5,221.75907745950255,270.50278251462146,6.353932774679075,motor,Medan,10,25.91,44.35181549190051,54.10055650292429,492.26185997412404,1.0,Gen_Z,1,3,1
367,44,2,4,178.2201493946633,122.1242606880419,0.4530074817693919,mobil,Surabaya,7,16.84,89.11007469733165,61.06213034402095,300.3444100827052,2.0,Milenial_Senior,0,4,3
368,59,5,11,167.77753148371764,199.5682098910773,3.1274227351864554,motor,Jakarta,3,21.15,33.55550629674353,39.91364197821546,367.3457413747949,2.2,Gen_X,1,1,0
369,19,2,10,65.76073025897689,283.0711004587689,4.2083424385366754,motor,Jakarta,7,11.35,32.880365129488446,141.53555022938446,348.8318307177458,5.0,Gen_Z,1,1,1
370,43,3,2,103.31388736298886,240.43392745733595,4.640751999529526,transportasi_umum,Medan,5,13.53,34.43796245432962,80.14464248577865,343.74781482032483,0.6666666666666666,Milenial_Senior,3,3,3
371,34,3,3,202.3460063825006,304.75783170805704,3.513731470464032,motor,Medan,10,20.0,67.44866879416686,101.58594390268568,507.10383809055764,1.0,Milenial_Muda,1,3,2
372,57,5,7,178.4975152670691,154.54861361325322,3.405994392835636,mobil,Bandung,5,18.9,35.69950305341382,30.909722722650645,333.0461288803223,1.4,Gen_X,0,0,0
373,50,5,7,186.07331368925367,53.5385241284107,8.342965782364185,mobil,Surabaya,20,21.18,37.21466273785073,10.70770482568214,239.61183781766437,1.4,Milenial_Senior,0,4,3
374,26,2,12,181.76984661074485,216.05214431645496,4.784881736282183,mobil,Medan,3,20.0,90.88492330537242,108.02607215822748,397.8219909271998,6.0,Milenial_Muda,0,3,2
375,60,4,4,214.4878264187687,229.0056652021188,3.609912679700521,mobil,Bandung,10,22.63,53.62195660469217,57.2514163005297,443.4934916208875,1.0,Gen_X,0,0,0
376,56,2,5,136.93000375224386,309.473756357814,4.9176610461749,motor,Bandung,7,16.91,68.46500187612193,154.736878178907,446.4037601100579,2.5,Gen_X,1,0,0
377,46,5,5,156.02499793946504,295.0516587765587,6.074181666122287,motor,Medan,10,20.54,31.204999587893006,59.010331755311746,451.07665671602376,1.0,Milenial_Senior,1,3,3
378,59,6,6,98.5662833435458,242.9394898409969,5.103252753422416,transportasi_umum,Jakarta,5,17.84,16.42771389059097,40.48991497349949,341.5057731845427,1.0,Gen_X,3,1,0
379,43,5,9,86.09887082818119,261.2312171336347,4.588544818344054,mobil,Surabaya,7,17.61,17.219774165636238,52.246243426726934,347.3300879618159,1.8,Milenial_Senior,0,4,3
380,52,6,2,153.1844196825808,184.65428334346888,3.6999666626590937,transportasi_umum,Surabaya,10,13.85,25.530736613763466,30.775713890578146,337.83870302604964,0.3333333333333333,Gen_X,3,4,0
381,42,1,5,105.7418250500076,102.47083109446268,3.675738309064802,transportasi_umum,Jakarta,5,12.96,105.7418250500076,102.47083109446268,208.2126561444703,5.0,Milenial_Senior,3,1,3
382,41,5,12,227.62809077448208,209.4176973904728,3.804383227029281,transportasi_umum,Medan,5,25.74,45.525618154896414,41.88353947809456,437.04578816495484,2.4,Milenial_Senior,3,3,3
383,30,1,3,72.36364660919811,278.6058770902222,5.677629201621474,mobil,Surabaya,7,8.18,72.36364660919811,278.6058770902222,350.9695236994203,3.0,Milenial_Muda,0,4,2
384,24,4,4,134.8232007211401,252.50886958628388,3.0116398151964257,motor,Medan,7,17.82,33.705800180285024,63.12721739657097,387.332070307424,1.0,Gen_Z,1,3,1
385,53,2,10,85.3427338176921,266.7045871327492,5.786538446940444,transportasi_umum,Medan,5,14.5,42.67136690884605,133.3522935663746,352.0473209504413,5.0,Gen_X,3,3,0
386,62,6,6,119.95130184983196,165.77954503625983,7.82598951125366,mobil,Bandung,5,18.36,19.991883641638662,27.629924172709973,285.7308468860918,1.0,Gen_X,0,0,0
387,37,2,12,158.48468961760096,178.7562529585261,5.6514147156264,motor,Jakarta,5,17.33,79.24234480880048,89.37812647926305,337.24094257612705,6.0,Milenial_Senior,1,1,3
388,18,1,8,114.99420633974958,238.67403904916827,4.260828942165726,transportasi_umum,Medan,10,15.08,114.99420633974958,238.67403904916827,353.66824538891785,8.0,Gen_Z,3,3,1
389,25,6,1,204.48324325082308,156.27940843929963,2.4037462298907397,transportasi_umum,Makassar,7,22.12,34.08054054180385,26.046568073216605,360.7626516901227,0.16666666666666666,Gen_Z,3,2,1
390,63,2,10,226.69890604247837,158.7426344053598,8.156213615823027,mobil,Jakarta,10,22.72,113.34945302123919,79.3713172026799,385.4415404478382,5.0,Gen_X,0,1,0
391,33,5,8,37.545213597203045,223.83857891019613,2.6599646988021752,motor,Surabaya,20,13.91,7.509042719440609,44.767715782039225,261.38379250739916,1.6,Milenial_Muda,1,4,2
392,31,3,11,115.85038348244387,260.87237945255265,6.697124068951496,motor,Bandung,7,16.39,38.61679449414796,86.95745981751755,376.7227629349965,3.6666666666666665,Milenial_Muda,1,0,2
393,29,1,7,153.1844196825808,184.0377061336473,6.277035721188971,transportasi_umum,Surabaya,3,14.67,153.1844196825808,184.0377061336473,337.2221258162281,7.0,Milenial_Muda,3,4,2
394,40,2,1,206.30585130076904,106.94484311570888,4.526462794071881,transportasi_umum,Surabaya,3,17.34,103.15292565038452,53.47242155785444,313.2506944164779,0.5,Milenial_Senior,3,4,3
395,32,1,2,127.28778624233688,141.13568679657362,4.474042392438644,motor,Jakarta,5,12.6,127.28778624233688,141.13568679657362,268.4234730389105,2.0,Milenial_Muda,1,1,2
396,45,1,3,149.0032302377095,216.2937667914479,1.3285774519179587,motor,Surabaya,15,15.1,149.0032302377095,216.2937667914479,365.2969970291574,3.0,Milenial_Senior,1,4,3
397,51,6,1,92.16278874740256,215.3216771092772,5.660130001625243,transportasi_umum,Medan,7,15.49,15.36046479123376,35.886946184879534,307.4844658566798,0.16666666666666666,Gen_X,3,3,0
398,19,6,9,73.36020738688272,219.29905101242784,6.239852664791609,motor,Surabaya,5,18.45,12.22670123114712,36.54984183540464,292.65925839931054,1.5,Gen_Z,1,4,1
399,49,3,8,222.2692344791467,241.7036232476605,2.821839767704391,mobil,Bandung,5,23.28,74.08974482638223,80.56787441588683,463.9728577268072,2.6666666666666665,Milenial_Senior,0,0,3
400,40,5,2,58.79650630535316,200.464844683396,4.688357051341795,sepeda,Bandung,7,13.41,11.759301261070632,40.0929689366792,259.26135098874914,0.4,Milenial_Senior,2,0,3
401,39,1,13,266.4309504210783,221.20448358722496,5.075723830017901,motor,Makassar,7,24.87,266.4309504210783,221.20448358722496,487.63543400830326,13.0,Milenial_Senior,1,2,3
402,42,2,9,186.2575699690871,196.39785417369063,6.169145255899136,mobil,Bandung,3,21.85,93.12878498454354,98.19892708684532,382.65542414277775,4.5,Milenial_Senior,0,0,3
403,39,4,7,183.9986537758378,291.8986786343551,5.007606152246375,motor,Surabaya,20,23.39,45.99966344395945,72.97466965858878,475.8973324101929,1.75,Milenial_Senior,1,4,3
404,39,1,9,178.7734333747215,314.58736249740014,1.7473612920768318,motor,Bandung,7,18.49,178.7734333747215,314.58736249740014,493.3607958721216,9.0,Milenial_Senior,1,0,3
405,59,1,6,137.3657155999518,104.87909740959724,3.9401244610750217,transportasi_umum,Jakarta,3,14.78,137.3657155999518,104.87909740959724,242.24481300954903,6.0,Gen_X,3,1,0
406,23,3,6,169.60422648504343,179.57984463181973,5.449251570778039,motor,Bandung,15,19.91,56.534742161681145,59.859948210606575,349.18407111686315,2.0,Gen_Z,1,0,1
407,32,5,11,140.55516561077624,202.6179593232566,6.683056684079518,sepeda,Medan,3,22.11,28.11103312215525,40.52359186465132,343.17312493403284,2.2,Milenial_Muda,2,3,2
408,60,4,4,177.653663822024,178.64682303885434,3.7647267812115066,mobil,Jakarta,15,17.2,44.413415955506,44.661705759713584,356.3004868608783,1.0,Gen_X,0,1,0
409,54,6,10,148.3156736545642,343.4338073064698,9.37529974910004,motor,Makassar,20,23.71,24.719278942427366,57.238967884411636,491.749480961034,1.6666666666666667,Gen_X,1,2,0
410,50,6,10,102.48259084491326,217.9164222471788,1.2110538623260707,motor,Medan,10,19.44,17.080431807485542,36.31940370786313,320.39901309209205,1.6666666666666667,Milenial_Senior,1,3,3
411,25,2,13,106.4713691869122,135.5702538359725,3.872599649884198,motor,Surabaya,10,15.17,53.2356845934561,67.78512691798625,242.0416230228847,6.5,Gen_Z,1,4,1
412,61,4,13,153.1844196825808,247.71538716485367,4.833932793014454,motor,Surabaya,5,17.71,38.2961049206452,61.92884679121342,400.89980684743443,3.25,Gen_X,1,4,0
413,61,6,2,153.1844196825808,202.88507131757015,4.598501672894272,motor,Surabaya,15,23.5,25.530736613763466,33.81417855292836,356.06949100015095,0.3333333333333333,Gen_X,1,4,0
414,22,2,7,153.1844196825808,224.33543356427373,2.5357153403703347,motor,Medan,7,15.69,76.5922098412904,112.16771678213686,377.5198532468545,3.5,Gen_Z,1,3,1
415,56,5,5,54.394841945756994,344.63009270393525,5.895723495503588,mobil,Medan,10,14.26,10.8789683891514,68.92601854078706,399.0249346496922,1.0,Gen_X,0,3,0
416,21,2,11,169.84193329244027,228.06281406038477,5.7421881026278445,transportasi_umum,Medan,15,19.4,84.92096664622014,114.03140703019238,397.90474735282504,5.5,Gen_Z,3,3,1
417,23,6,6,225.72587812947907,175.7070780900803,5.095922891963093,mobil,Jakarta,20,27.17,37.620979688246514,29.284513015013385,401.4329562195594,1.0,Gen_Z,0,1,1
418,62,3,2,188.65415945887636,43.57788589519191,5.663687726517031,transportasi_umum,Jakarta,10,18.13,62.88471981962545,14.52596196506397,232.23204535406828,0.6666666666666666,Gen_X,3,1,0
419,49,3,5,119.8338217389144,186.76807854851904,4.152447177103938,motor,Surabaya,5,15.31,39.9446072463048,62.25602618283968,306.6019002874334,1.6666666666666667,Milenial_Senior,1,4,3
420,47,3,10,70.65941422024554,304.4775933861751,1.7652740997828644,motor,Bandung,20,15.54,23.55313807341518,101.49253112872503,375.13700760642064,3.3333333333333335,Milenial_Senior,1,0,3
421,64,6,4,143.28659483212448,192.70647043550505,3.5667202598955106,mobil,Surabaya,7,19.34,23.881099138687414,32.11774507258418,335.9930652676295,0.6666666666666666,Gen_X,0,4,0
422,52,3,9,153.1844196825808,20.796008118439744,5.314109162818882,mobil,Makassar,15,14.87,51.06147322752693,6.932002706146581,173.98042780102054,3.0,Gen_X,0,2,0
423,57,4,6,101.5400194843117,160.13100862460428,5.325488829692792,motor,Jakarta,7,14.9,25.385004871077925,40.03275215615107,261.67102810891595,1.5,Gen_X,1,1,0
424,33,5,2,177.55186511212688,279.41508311302334,5.082758105171696,transportasi_umum,Medan,5,21.2,35.51037302242538,55.88301662260467,456.9669482251502,0.4,Milenial_Muda,3,3,2
425,30,2,1,242.33132504152368,243.6653739649612,6.097416535970063,transportasi_umum,Jakarta,5,22.09,121.16566252076184,121.8326869824806,485.99669900648485,0.5,Milenial_Muda,3,1,2
426,59,2,5,161.1141358729142,132.80952827914115,3.837707909099967,mobil,Medan,7,16.21,80.5570679364571,66.40476413957057,293.9236641520554,2.5,Gen_X,0,3,0
427,47,6,9,158.0238103499423,154.77721788807344,5.053362114221072,motor,Makassar,10,22.8,26.337301724990382,25.796202981345573,312.80102823801576,1.5,Milenial_Senior,1,2,3
428,36,3,6,103.13859755830887,167.14330727180666,6.144185556809843,transportasi_umum,Makassar,5,16.29,34.37953251943629,55.71443575726889,270.28190483011554,2.0,Milenial_Senior,3,2,3
429,34,3,10,219.8707351530186,146.9828982509656,4.830220362995293,mobil,Jakarta,7,23.82,73.2902450510062,48.99429941698853,366.8536334039842,3.3333333333333335,Milenial_Muda,0,1,2
430,36,1,12,146.24279165949915,37.62609058083342,2.5133521431878023,transportasi_umum,Medan,5,16.28,146.24279165949915,37.62609058083342,183.86888224033257,12.0,Milenial_Senior,3,3,3
431,45,5,7,121.05183724029146,261.08728804958844,3.0770232606889247,transportasi_umum,Makassar,10,18.27,24.210367448058292,52.21745760991769,382.13912528987987,1.4,Milenial_Senior,3,2,3
432,43,4,5,153.1844196825808,202.88507131757015,6.661704648558733,transportasi_umum,Surabaya,7,17.74,38.2961049206452,50.72126782939254,356.06949100015095,1.25,Milenial_Senior,3,4,3
433,54,2,10,173.59806666233044,78.52408448282078,7.784944325885146,mobil,Surabaya,3,15.8,86.79903333116522,39.26204224141039,252.12215114515124,5.0,Gen_X,0,4,0
434,43,1,6,156.96077043224514,299.50823460690515,7.350566215648098,motor,Medan,3,15.57,156.96077043224514,299.50823460690515,456.46900503915026,6.0,Milenial_Senior,1,3,3
435,40,1,5,210.3076697835296,191.75814388822275,5.46431189948407,mobil,Jakarta,3,16.18,210.3076697835296,191.75814388822275,402.0658136717524,5.0,Milenial_Senior,0,1,3
436,26,6,11,169.19857762734313,298.01058785343,2.5937347959666144,mobil,Makassar,7,24.94,28.199762937890522,49.66843130890501,467.20916548077315,1.8333333333333333,Milenial_Muda,0,2,2
437,29,2,9,135.80290945587325,203.03603490323567,4.987296886454263,transportasi_umum,Jakarta,3,15.64,67.90145472793662,101.51801745161784,338.83894435910895,4.5,Milenial_Muda,3,1,2
438,18,6,6,170.0596108163445,210.8435673726904,8.124510263900843,motor,Surabaya,3,21.07,28.34326846939075,35.14059456211506,380.90317818903486,1.0,Gen_Z,1,4,1
439,18,4,11,174.98185505629786,229.794771758577,6.236976760912951,motor,Makassar,15,22.09,43.745463764074465,57.44869293964425,404.7766268148749,2.75,Gen_Z,1,2,1
440,64,1,8,85.1812040368079,136.79469398917774,4.585044954632255,transportasi_umum,Jakarta,15,9.78,85.1812040368079,136.79469398917774,221.97589802598566,8.0,Gen_X,3,1,0
441,51,1,2,207.47098641318576,295.57393154624174,6.257250465682433,transportasi_umum,Bandung,7,18.84,207.47098641318576,295.57393154624174,503.0449179594275,2.0,Gen_X,3,0,0
442,49,5,12,134.95479903193203,110.28954895401722,2.46120958676879,transportasi_umum,Medan,20,20.53,26.990959806386407,22.057909790803443,245.24434798594925,2.4,Milenial_Senior,3,3,3
443,42,4,13,136.2338388247285,167.83466043866633,3.608657244303596,transportasi_umum,Medan,3,18.71,34.05845970618213,41.95866510966658,304.06849926339487,3.25,Milenial_Senior,3,3,3
444,57,1,9,187.5687993537973,241.9411742114535,2.8316172179553503,mobil,Bandung,7,18.49,187.5687993537973,241.9411742114535,429.5099735652508,9.0,Gen_X,0,0,0
445,62,4,5,187.35826121297907,159.2643807611629,5.9391436366968655,mobil,Surabaya,7,20.74,46.83956530324477,39.816095190290724,346.62264197414197,1.25,Gen_X,0,4,0
446,18,2,7,114.95841605669573,202.88507131757015,6.428206999440185,transportasi_umum,Makassar,7,12.98,57.47920802834786,101.44253565878508,317.84348737426586,3.5,Gen_Z,3,2,1
447,33,3,10,190.1450809072843,310.06929385471653,4.692347945603267,mobil,Medan,5,22.3,63.38169363576143,103.35643128490551,500.21437476200083,3.3333333333333335,Milenial_Muda,0,3,2
448,56,1,13,153.1844196825808,281.0036800843069,3.254140646520868,mobil,Bandung,7,14.17,153.1844196825808,281.0036800843069,434.1880997668877,13.0,Gen_X,0,0,0
449,22,5,1,240.9786523349328,45.11077490571029,4.960501812930746,motor,Bandung,5,24.05,48.19573046698656,9.022154981142057,286.0894272406431,0.2,Gen_Z,1,0,1
450,39,2,10,108.5903009367118,210.06775756954855,4.026840218652385,mobil,Surabaya,10,14.04,54.2951504683559,105.03387878477427,318.6580585062603,5.0,Milenial_Senior,0,4,3
451,46,4,5,161.97387308529483,282.2946088557114,3.4076585906125105,transportasi_umum,Surabaya,3,18.18,40.49346827132371,70.57365221392784,444.2684819410062,1.25,Milenial_Senior,3,4,3
452,20,6,12,110.89911815461964,94.66009225423544,5.677987370618493,motor,Jakarta,3,18.65,18.483186359103275,15.776682042372572,205.55921040885508,2.0,Gen_Z,1,1,1
453,29,2,10,261.1347814567538,202.88507131757015,3.4840155549626526,motor,Medan,3,24.95,130.5673907283769,101.44253565878508,464.0198527743239,5.0,Milenial_Muda,1,3,2
454,43,1,2,88.1089527956442,253.39686253114496,1.867300534071815,motor,Jakarta,5,10.81,88.1089527956442,253.39686253114496,341.50581532678916,2.0,Milenial_Senior,1,1,3
455,33,4,12,176.21813736264554,103.03280864493878,2.3117710592736262,motor,Bandung,7,21.63,44.054534340661384,25.758202161234696,279.25094600758433,3.0,Milenial_Muda,1,0,2
456,54,3,6,113.25447927611005,266.7386132592129,1.7934790663681008,motor,Makassar,3,14.24,37.75149309203668,88.91287108640431,379.99309253532294,2.0,Gen_X,1,2,0
457,39,2,11,132.29461792760063,221.8158234823948,5.495023833152409,motor,Makassar,15,18.16,66.14730896380031,110.9079117411974,354.1104414099954,5.5,Milenial_Senior,1,2,3
458,46,1,1,172.6768916872588,202.88507131757015,5.300810876352328,transportasi_umum,Surabaya,5,15.98,172.6768916872588,202.88507131757015,375.56196300482895,1.0,Milenial_Senior,3,4,3
459,31,5,3,211.22922188130715,122.6950091387894,5.201040189016324,mobil,Makassar,3,22.21,42.24584437626143,24.53900182775788,333.92423102009656,0.6,Milenial_Muda,0,2,2
460,45,6,5,231.16982811495228,212.0108893097108,6.175463304959885,motor,Makassar,7,24.81,38.52830468582538,35.335148218285134,443.18071742466304,0.8333333333333334,Milenial_Senior,1,2,3
461,22,4,4,73.15260199868398,63.6097156694141,7.383917712234233,motor,Makassar,3,11.14,18.288150499670994,15.902428917353525,136.7623176680981,1.0,Gen_Z,1,2,1
462,64,2,3,163.3875612182231,17.840703397355924,3.815466938349769,mobil,Bandung,7,14.64,81.69378060911156,8.920351698677962,181.22826461557904,1.5,Gen_X,0,0,0
463,47,2,10,222.97468016917608,211.26627412222,5.812954954476837,motor,Makassar,7,22.86,111.48734008458804,105.63313706111,434.24095429139606,5.0,Milenial_Senior,1,2,3
464,63,3,13,65.73445306190297,288.04780854090484,1.8407689851882465,transportasi_umum,Makassar,5,14.73,21.911484353967655,96.01593618030161,353.7822616028078,4.333333333333333,Gen_X,3,2,0
465,22,3,5,165.71917470274235,220.2349451412064,7.757419492526701,mobil,Makassar,3,19.05,55.23972490091412,73.41164838040213,385.9541198439488,1.6666666666666667,Gen_Z,0,2,1
466,29,5,11,153.1844196825808,194.92431488446837,2.510337523563686,transportasi_umum,Jakarta,5,19.55,30.63688393651616,38.98486297689367,348.10873456704917,2.2,Milenial_Muda,3,1,2
467,33,6,8,170.72709071898942,184.99727039561012,3.5798377619191246,motor,Bandung,3,23.05,28.45451511983157,30.832878399268353,355.72436111459956,1.3333333333333333,Milenial_Muda,1,0,2
468,43,5,11,111.38479873367623,124.59476868455477,3.804580972533815,mobil,Surabaya,3,17.81,22.276959746735248,24.918953736910954,235.979567418231,2.2,Milenial_Senior,0,4,3
469,43,1,4,78.219058589328,182.2511276963755,1.947458006555576,motor,Jakarta,5,11.83,78.219058589328,182.2511276963755,260.4701862857035,4.0,Milenial_Senior,1,1,3
470,38,1,1,54.34467874104875,233.7347574611556,5.065151154817124,transportasi_umum,Medan,5,7.0,54.34467874104875,233.7347574611556,288.07943620220436,1.0,Milenial_Senior,3,3,3
471,56,5,11,198.81919767310515,165.18222137594972,5.427807736402963,mobil,Bandung,7,23.75,39.76383953462103,33.03644427518994,364.0014190490549,2.2,Gen_X,0,0,0
472,53,6,7,205.20245682416768,260.04694830686213,4.6211726580369,motor,Bandung,7,25.59,34.200409470694616,43.34115805114369,465.2494051310298,1.1666666666666667,Gen_X,1,0,0
473,50,5,8,165.1342674497993,215.67800270916825,1.9195047359378463,motor,Medan,7,21.46,33.02685348995986,43.135600541833654,380.8122701589675,1.6,Milenial_Senior,1,3,3
474,47,6,3,123.29258251559516,225.3583534218725,8.966772469703423,motor,Medan,3,16.32,20.548763752599193,37.55972557031208,348.65093593746764,0.5,Milenial_Senior,1,3,3
475,54,6,6,68.84770532671273,271.09302028407683,6.098461593003296,mobil,Medan,3,16.13,11.474617554452122,45.18217004734614,339.94072561078957,1.0,Gen_X,0,3,0
476,40,4,2,178.1672731252512,157.85956538760075,10.268444087299915,motor,Surabaya,15,18.67,44.5418182813128,39.46489134690019,336.02683851285195,0.5,Milenial_Senior,1,4,3
477,27,6,7,94.96103585816576,252.75044689495613,3.389781520227415,mobil,Makassar,7,17.69,15.826839309694293,42.125074482492685,347.7114827531219,1.1666666666666667,Milenial_Muda,0,2,2
478,22,3,8,114.43506876197311,169.08186261984207,6.915764456353953,motor,Bandung,15,14.32,38.1450229206577,56.36062087328069,283.5169313818152,2.6666666666666665,Gen_Z,1,0,1
479,53,6,6,120.67179602186408,227.1611587055072,6.558547774788327,mobil,Makassar,5,17.94,20.111966003644014,37.86019311758454,347.8329547273713,1.0,Gen_X,0,2,0
480,51,6,6,140.1232387151516,148.33829194907452,4.418849793805276,transportasi_umum,Makassar,7,20.73,23.35387311919193,24.723048658179085,288.4615306642261,1.0,Gen_X,3,2,0
481,48,6,5,112.0479776395676,127.14369415482142,7.822101802118448,transportasi_umum,Medan,7,18.54,18.674662939927934,21.190615692470235,239.19167179438904,0.8333333333333334,Milenial_Senior,3,3,3
482,27,1,8,153.1844196825808,207.3491796518795,4.189179984772443,transportasi_umum,Surabaya,5,16.09,153.1844196825808,207.3491796518795,360.5335993344603,8.0,Milenial_Muda,3,4,2
483,36,3,1,118.90908497468044,49.18399583831064,4.278217161150786,motor,Jakarta,7,10.76,39.63636165822681,16.394665279436882,168.09308081299108,0.3333333333333333,Milenial_Senior,1,1,3
484,49,3,10,185.06865324196116,176.29860451928946,0.0,motor,Surabaya,7,21.27,61.68955108065372,58.766201506429816,361.3672577612506,3.3333333333333335,Milenial_Senior,1,4,3
485,18,5,4,201.55314569940268,71.48983955126556,5.818056107485274,mobil,Makassar,5,20.01,40.31062913988053,14.297967910253112,273.04298525066827,0.8,Gen_Z,0,2,1
486,22,4,4,155.42713380142192,262.3387227450886,2.348980176635187,motor,Surabaya,5,18.06,38.85678345035548,65.58468068627215,417.7658565465105,1.0,Gen_Z,1,4,1
487,62,6,3,173.13131676905513,284.0088476887132,3.8985576086089777,motor,Medan,10,23.07,28.85521946150919,47.33480794811887,457.1401644577684,0.5,Gen_X,1,3,0
488,21,2,3,255.8927974812945,130.8839022863355,2.947560722509945,motor,Jakarta,15,22.79,127.94639874064725,65.44195114316776,386.77669976763,1.5,Gen_Z,1,1,1
489,33,4,4,91.3698371569342,234.2650369978797,4.267536921363477,motor,Medan,5,14.49,22.84245928923355,58.56625924946992,325.6348741548139,1.0,Milenial_Muda,1,3,2
490,41,4,11,88.32659493599472,271.93085709499934,5.887760460434872,motor,Jakarta,5,17.5,22.08164873399868,67.98271427374983,360.25745203099405,2.75,Milenial_Senior,1,1,3
491,33,3,1,184.74989503884373,272.19753780014264,5.0222831260975145,transportasi_umum,Makassar,3,19.3,61.583298346281246,90.73251260004754,456.9474328389864,0.3333333333333333,Milenial_Muda,3,2,2
492,19,4,11,247.32714187573828,217.15606671773128,6.419282581011614,motor,Jakarta,7,24.91,61.83178546893457,54.28901667943282,464.48320859346956,2.75,Gen_Z,1,1,1
493,45,6,13,136.97507190306388,258.74437404491977,7.531259071171263,mobil,Jakarta,5,22.13,22.829178650510645,43.12406234081996,395.7194459479837,2.1666666666666665,Milenial_Senior,0,1,3
494,49,6,11,236.34169211093803,148.05349504636848,4.262408126644329,motor,Jakarta,20,28.04,39.39028201848967,24.67558250772808,384.3951871573065,1.8333333333333333,Milenial_Senior,1,1,3
495,44,1,2,154.8216859396745,206.6497972525344,4.042865515967772,mobil,Surabaya,5,13.93,154.8216859396745,206.6497972525344,361.4714831922089,2.0,Milenial_Senior,0,4,3
496,37,6,9,115.95563589804593,162.6317274567379,6.915455307324019,motor,Surabaya,5,18.54,19.32593931634099,27.10528790945632,278.58736335478386,1.5,Milenial_Senior,1,4,3
497,41,6,10,100.46538056811482,141.29696209717088,7.074094577479859,transportasi_umum,Makassar,7,17.19,16.744230094685804,23.54949368286181,241.7623426652857,1.6666666666666667,Milenial_Senior,3,2,3
498,29,3,2,181.47067924433935,202.88507131757015,6.481181736206094,transportasi_umum,Jakarta,10,20.72,60.490226414779784,67.62835710585672,384.35575056190953,0.6666666666666666,Milenial_Muda,3,1,2
499,52,6,5,104.25204661086516,227.80243009264595,3.095642386521301,motor,Bandung,7,17.2,17.37534110181086,37.96707168210766,332.0544767035111,0.8333333333333334,Gen_X,1,0,0
500,50,1,9,154.0638421383514,293.0807014363989,5.845310131003208,transportasi_umum,Makassar,5,19.09,154.0638421383514,293.0807014363989,447.1445435747503,9.0,Milenial_Senior,3,2,3
